id|reportsuiteid|reportsuitename|data|hour|termo|quantidade|createdat
1441||CB - CasasBahia.com.br|09/08/2018|0|celular|170|2018-08-14 15:54:07.0000000
1442||CB - CasasBahia.com.br|09/08/2018|0|guarda roupas de casal|340|2018-08-14 15:54:07.0000000
1443||CB - CasasBahia.com.br|09/08/2018|0|guarda roupa|192|2018-08-14 15:54:07.0000000
1444||CB - CasasBahia.com.br|09/08/2018|0|notebook|93|2018-08-14 15:54:07.0000000
1445||CB - CasasBahia.com.br|09/08/2018|0|iphone|144|2018-08-14 15:54:07.0000000
1446||CB - CasasBahia.com.br|09/08/2018|0|geladeira|80|2018-08-14 15:54:07.0000000
1447||CB - CasasBahia.com.br|09/08/2018|0|microondas|41|2018-08-14 15:54:07.0000000
1448||CB - CasasBahia.com.br|09/08/2018|0|sofa|35|2018-08-14 15:54:07.0000000
1449||CB - CasasBahia.com.br|09/08/2018|0|painel para tv|86|2018-08-14 15:54:07.0000000
1450||CB - CasasBahia.com.br|09/08/2018|0|armÃ¡rio de cozinha|60|2018-08-14 15:54:07.0000000
1451||CB - CasasBahia.com.br|09/08/2018|1|celular|100|2018-08-14 15:54:07.0000000
1452||CB - CasasBahia.com.br|09/08/2018|1|guarda roupas de casal|34|2018-08-14 15:54:07.0000000
1453||CB - CasasBahia.com.br|09/08/2018|1|guarda roupa|45|2018-08-14 15:54:07.0000000
1454||CB - CasasBahia.com.br|09/08/2018|1|notebook|19|2018-08-14 15:54:07.0000000
1455||CB - CasasBahia.com.br|09/08/2018|1|iphone|42|2018-08-14 15:54:07.0000000
1456||CB - CasasBahia.com.br|09/08/2018|1|geladeira|18|2018-08-14 15:54:07.0000000
1457||CB - CasasBahia.com.br|09/08/2018|1|microondas|42|2018-08-14 15:54:07.0000000
1458||CB - CasasBahia.com.br|09/08/2018|1|sofa|47|2018-08-14 15:54:07.0000000
1459||CB - CasasBahia.com.br|09/08/2018|1|painel para tv|58|2018-08-14 15:54:07.0000000
1460||CB - CasasBahia.com.br|09/08/2018|1|armÃ¡rio de cozinha|45|2018-08-14 15:54:07.0000000
1461||CB - CasasBahia.com.br|09/08/2018|2|celular|38|2018-08-14 15:54:07.0000000
1462||CB - CasasBahia.com.br|09/08/2018|2|guarda roupas de casal|25|2018-08-14 15:54:07.0000000
1463||CB - CasasBahia.com.br|09/08/2018|2|guarda roupa|40|2018-08-14 15:54:07.0000000
1464||CB - CasasBahia.com.br|09/08/2018|2|notebook|18|2018-08-14 15:54:07.0000000
1465||CB - CasasBahia.com.br|09/08/2018|2|iphone|49|2018-08-14 15:54:07.0000000
1466||CB - CasasBahia.com.br|09/08/2018|2|geladeira|8|2018-08-14 15:54:07.0000000
1467||CB - CasasBahia.com.br|09/08/2018|2|microondas|8|2018-08-14 15:54:07.0000000
1468||CB - CasasBahia.com.br|09/08/2018|2|sofa|37|2018-08-14 15:54:07.0000000
1469||CB - CasasBahia.com.br|09/08/2018|2|painel para tv|76|2018-08-14 15:54:07.0000000
1470||CB - CasasBahia.com.br|09/08/2018|2|armÃ¡rio de cozinha|9|2018-08-14 15:54:07.0000000
1471||CB - CasasBahia.com.br|09/08/2018|3|celular|17|2018-08-14 15:54:07.0000000
1472||CB - CasasBahia.com.br|09/08/2018|3|guarda roupas de casal|12|2018-08-14 15:54:07.0000000
1473||CB - CasasBahia.com.br|09/08/2018|3|guarda roupa|7|2018-08-14 15:54:07.0000000
1474||CB - CasasBahia.com.br|09/08/2018|3|notebook|10|2018-08-14 15:54:07.0000000
1475||CB - CasasBahia.com.br|09/08/2018|3|iphone|2|2018-08-14 15:54:07.0000000
1476||CB - CasasBahia.com.br|09/08/2018|3|geladeira|17|2018-08-14 15:54:07.0000000
1477||CB - CasasBahia.com.br|09/08/2018|3|microondas|0|2018-08-14 15:54:07.0000000
1478||CB - CasasBahia.com.br|09/08/2018|3|sofa|0|2018-08-14 15:54:07.0000000
1479||CB - CasasBahia.com.br|09/08/2018|3|painel para tv|0|2018-08-14 15:54:07.0000000
1480||CB - CasasBahia.com.br|09/08/2018|3|armÃ¡rio de cozinha|9|2018-08-14 15:54:07.0000000
1481||CB - CasasBahia.com.br|09/08/2018|4|celular|31|2018-08-14 15:54:07.0000000
1482||CB - CasasBahia.com.br|09/08/2018|4|guarda roupas de casal|58|2018-08-14 15:54:07.0000000
1483||CB - CasasBahia.com.br|09/08/2018|4|guarda roupa|7|2018-08-14 15:54:07.0000000
1484||CB - CasasBahia.com.br|09/08/2018|4|notebook|4|2018-08-14 15:54:07.0000000
1485||CB - CasasBahia.com.br|09/08/2018|4|iphone|6|2018-08-14 15:54:07.0000000
1486||CB - CasasBahia.com.br|09/08/2018|4|geladeira|16|2018-08-14 15:54:07.0000000
1487||CB - CasasBahia.com.br|09/08/2018|4|microondas|9|2018-08-14 15:54:07.0000000
1488||CB - CasasBahia.com.br|09/08/2018|4|sofa|0|2018-08-14 15:54:07.0000000
1489||CB - CasasBahia.com.br|09/08/2018|4|painel para tv|0|2018-08-14 15:54:07.0000000
1490||CB - CasasBahia.com.br|09/08/2018|4|armÃ¡rio de cozinha|39|2018-08-14 15:54:07.0000000
1491||CB - CasasBahia.com.br|09/08/2018|5|celular|23|2018-08-14 15:54:07.0000000
1492||CB - CasasBahia.com.br|09/08/2018|5|guarda roupas de casal|0|2018-08-14 15:54:07.0000000
1493||CB - CasasBahia.com.br|09/08/2018|5|guarda roupa|6|2018-08-14 15:54:07.0000000
1494||CB - CasasBahia.com.br|09/08/2018|5|notebook|13|2018-08-14 15:54:07.0000000
1495||CB - CasasBahia.com.br|09/08/2018|5|iphone|6|2018-08-14 15:54:07.0000000
1496||CB - CasasBahia.com.br|09/08/2018|5|geladeira|25|2018-08-14 15:54:07.0000000
1497||CB - CasasBahia.com.br|09/08/2018|5|microondas|5|2018-08-14 15:54:07.0000000
1498||CB - CasasBahia.com.br|09/08/2018|5|sofa|8|2018-08-14 15:54:07.0000000
1499||CB - CasasBahia.com.br|09/08/2018|5|painel para tv|0|2018-08-14 15:54:07.0000000
1500||CB - CasasBahia.com.br|09/08/2018|5|armÃ¡rio de cozinha|0|2018-08-14 15:54:07.0000000
1501||CB - CasasBahia.com.br|09/08/2018|6|celular|32|2018-08-14 15:54:07.0000000
1502||CB - CasasBahia.com.br|09/08/2018|6|guarda roupas de casal|43|2018-08-14 15:54:07.0000000
1503||CB - CasasBahia.com.br|09/08/2018|6|guarda roupa|10|2018-08-14 15:54:07.0000000
1504||CB - CasasBahia.com.br|09/08/2018|6|notebook|15|2018-08-14 15:54:07.0000000
1505||CB - CasasBahia.com.br|09/08/2018|6|iphone|22|2018-08-14 15:54:07.0000000
1506||CB - CasasBahia.com.br|09/08/2018|6|geladeira|10|2018-08-14 15:54:07.0000000
1507||CB - CasasBahia.com.br|09/08/2018|6|microondas|8|2018-08-14 15:54:07.0000000
1508||CB - CasasBahia.com.br|09/08/2018|6|sofa|5|2018-08-14 15:54:07.0000000
1509||CB - CasasBahia.com.br|09/08/2018|6|painel para tv|2|2018-08-14 15:54:07.0000000
1510||CB - CasasBahia.com.br|09/08/2018|6|armÃ¡rio de cozinha|10|2018-08-14 15:54:07.0000000
1511||CB - CasasBahia.com.br|09/08/2018|7|celular|181|2018-08-14 15:54:07.0000000
1512||CB - CasasBahia.com.br|09/08/2018|7|guarda roupas de casal|63|2018-08-14 15:54:07.0000000
1513||CB - CasasBahia.com.br|09/08/2018|7|guarda roupa|46|2018-08-14 15:54:07.0000000
1514||CB - CasasBahia.com.br|09/08/2018|7|notebook|122|2018-08-14 15:54:07.0000000
1515||CB - CasasBahia.com.br|09/08/2018|7|iphone|65|2018-08-14 15:54:07.0000000
1516||CB - CasasBahia.com.br|09/08/2018|7|geladeira|51|2018-08-14 15:54:07.0000000
1517||CB - CasasBahia.com.br|09/08/2018|7|microondas|53|2018-08-14 15:54:07.0000000
1518||CB - CasasBahia.com.br|09/08/2018|7|sofa|14|2018-08-14 15:54:07.0000000
1519||CB - CasasBahia.com.br|09/08/2018|7|painel para tv|54|2018-08-14 15:54:07.0000000
1520||CB - CasasBahia.com.br|09/08/2018|7|armÃ¡rio de cozinha|35|2018-08-14 15:54:07.0000000
1521||CB - CasasBahia.com.br|09/08/2018|8|celular|451|2018-08-14 15:54:07.0000000
1522||CB - CasasBahia.com.br|09/08/2018|8|guarda roupas de casal|176|2018-08-14 15:54:07.0000000
1523||CB - CasasBahia.com.br|09/08/2018|8|guarda roupa|331|2018-08-14 15:54:07.0000000
1524||CB - CasasBahia.com.br|09/08/2018|8|notebook|260|2018-08-14 15:54:07.0000000
1525||CB - CasasBahia.com.br|09/08/2018|8|iphone|266|2018-08-14 15:54:07.0000000
1526||CB - CasasBahia.com.br|09/08/2018|8|geladeira|104|2018-08-14 15:54:07.0000000
1527||CB - CasasBahia.com.br|09/08/2018|8|microondas|255|2018-08-14 15:54:07.0000000
1528||CB - CasasBahia.com.br|09/08/2018|8|sofa|151|2018-08-14 15:54:07.0000000
1529||CB - CasasBahia.com.br|09/08/2018|8|painel para tv|62|2018-08-14 15:54:07.0000000
1530||CB - CasasBahia.com.br|09/08/2018|8|armÃ¡rio de cozinha|105|2018-08-14 15:54:07.0000000
1531||CB - CasasBahia.com.br|09/08/2018|9|celular|676|2018-08-14 15:54:07.0000000
1532||CB - CasasBahia.com.br|09/08/2018|9|guarda roupas de casal|368|2018-08-14 15:54:07.0000000
1533||CB - CasasBahia.com.br|09/08/2018|9|guarda roupa|400|2018-08-14 15:54:07.0000000
1534||CB - CasasBahia.com.br|09/08/2018|9|notebook|446|2018-08-14 15:54:07.0000000
1535||CB - CasasBahia.com.br|09/08/2018|9|iphone|344|2018-08-14 15:54:07.0000000
1536||CB - CasasBahia.com.br|09/08/2018|9|geladeira|320|2018-08-14 15:54:07.0000000
1537||CB - CasasBahia.com.br|09/08/2018|9|microondas|321|2018-08-14 15:54:07.0000000
1538||CB - CasasBahia.com.br|09/08/2018|9|sofa|427|2018-08-14 15:54:07.0000000
1539||CB - CasasBahia.com.br|09/08/2018|9|painel para tv|155|2018-08-14 15:54:07.0000000
1540||CB - CasasBahia.com.br|09/08/2018|9|armÃ¡rio de cozinha|189|2018-08-14 15:54:07.0000000
1541||CB - CasasBahia.com.br|09/08/2018|10|celular|920|2018-08-14 15:54:07.0000000
1542||CB - CasasBahia.com.br|09/08/2018|10|guarda roupas de casal|518|2018-08-14 15:54:07.0000000
1543||CB - CasasBahia.com.br|09/08/2018|10|guarda roupa|384|2018-08-14 15:54:07.0000000
1544||CB - CasasBahia.com.br|09/08/2018|10|notebook|516|2018-08-14 15:54:07.0000000
1545||CB - CasasBahia.com.br|09/08/2018|10|iphone|373|2018-08-14 15:54:07.0000000
1546||CB - CasasBahia.com.br|09/08/2018|10|geladeira|484|2018-08-14 15:54:07.0000000
1547||CB - CasasBahia.com.br|09/08/2018|10|microondas|336|2018-08-14 15:54:07.0000000
1548||CB - CasasBahia.com.br|09/08/2018|10|sofa|451|2018-08-14 15:54:07.0000000
1549||CB - CasasBahia.com.br|09/08/2018|10|painel para tv|411|2018-08-14 15:54:07.0000000
1550||CB - CasasBahia.com.br|09/08/2018|10|armÃ¡rio de cozinha|209|2018-08-14 15:54:07.0000000
1551||CB - CasasBahia.com.br|09/08/2018|11|celular|898|2018-08-14 15:54:07.0000000
1552||CB - CasasBahia.com.br|09/08/2018|11|guarda roupas de casal|515|2018-08-14 15:54:07.0000000
1553||CB - CasasBahia.com.br|09/08/2018|11|guarda roupa|676|2018-08-14 15:54:07.0000000
1554||CB - CasasBahia.com.br|09/08/2018|11|notebook|579|2018-08-14 15:54:07.0000000
1555||CB - CasasBahia.com.br|09/08/2018|11|iphone|368|2018-08-14 15:54:07.0000000
1556||CB - CasasBahia.com.br|09/08/2018|11|geladeira|415|2018-08-14 15:54:07.0000000
1557||CB - CasasBahia.com.br|09/08/2018|11|microondas|328|2018-08-14 15:54:07.0000000
1558||CB - CasasBahia.com.br|09/08/2018|11|sofa|263|2018-08-14 15:54:07.0000000
1559||CB - CasasBahia.com.br|09/08/2018|11|painel para tv|225|2018-08-14 15:54:07.0000000
1560||CB - CasasBahia.com.br|09/08/2018|11|armÃ¡rio de cozinha|219|2018-08-14 15:54:07.0000000
1561||CB - CasasBahia.com.br|09/08/2018|12|celular|845|2018-08-14 15:54:07.0000000
1562||CB - CasasBahia.com.br|09/08/2018|12|guarda roupas de casal|545|2018-08-14 15:54:07.0000000
1563||CB - CasasBahia.com.br|09/08/2018|12|guarda roupa|559|2018-08-14 15:54:07.0000000
1564||CB - CasasBahia.com.br|09/08/2018|12|notebook|502|2018-08-14 15:54:07.0000000
1565||CB - CasasBahia.com.br|09/08/2018|12|iphone|408|2018-08-14 15:54:07.0000000
1566||CB - CasasBahia.com.br|09/08/2018|12|geladeira|363|2018-08-14 15:54:07.0000000
1567||CB - CasasBahia.com.br|09/08/2018|12|microondas|326|2018-08-14 15:54:07.0000000
1568||CB - CasasBahia.com.br|09/08/2018|12|sofa|333|2018-08-14 15:54:07.0000000
1569||CB - CasasBahia.com.br|09/08/2018|12|painel para tv|230|2018-08-14 15:54:07.0000000
1570||CB - CasasBahia.com.br|09/08/2018|12|armÃ¡rio de cozinha|282|2018-08-14 15:54:07.0000000
1571||CB - CasasBahia.com.br|09/08/2018|13|celular|811|2018-08-14 15:54:07.0000000
1572||CB - CasasBahia.com.br|09/08/2018|13|guarda roupas de casal|476|2018-08-14 15:54:07.0000000
1573||CB - CasasBahia.com.br|09/08/2018|13|guarda roupa|386|2018-08-14 15:54:07.0000000
1574||CB - CasasBahia.com.br|09/08/2018|13|notebook|394|2018-08-14 15:54:07.0000000
1575||CB - CasasBahia.com.br|09/08/2018|13|iphone|435|2018-08-14 15:54:07.0000000
1576||CB - CasasBahia.com.br|09/08/2018|13|geladeira|412|2018-08-14 15:54:07.0000000
1577||CB - CasasBahia.com.br|09/08/2018|13|microondas|377|2018-08-14 15:54:07.0000000
1578||CB - CasasBahia.com.br|09/08/2018|13|sofa|281|2018-08-14 15:54:07.0000000
1579||CB - CasasBahia.com.br|09/08/2018|13|painel para tv|225|2018-08-14 15:54:07.0000000
1580||CB - CasasBahia.com.br|09/08/2018|13|armÃ¡rio de cozinha|335|2018-08-14 15:54:07.0000000
1581||CB - CasasBahia.com.br|09/08/2018|14|celular|896|2018-08-14 15:54:07.0000000
1582||CB - CasasBahia.com.br|09/08/2018|14|guarda roupas de casal|472|2018-08-14 15:54:07.0000000
1583||CB - CasasBahia.com.br|09/08/2018|14|guarda roupa|555|2018-08-14 15:54:07.0000000
1584||CB - CasasBahia.com.br|09/08/2018|14|notebook|454|2018-08-14 15:54:07.0000000
1585||CB - CasasBahia.com.br|09/08/2018|14|iphone|431|2018-08-14 15:54:07.0000000
1586||CB - CasasBahia.com.br|09/08/2018|14|geladeira|297|2018-08-14 15:54:07.0000000
1587||CB - CasasBahia.com.br|09/08/2018|14|microondas|463|2018-08-14 15:54:07.0000000
1588||CB - CasasBahia.com.br|09/08/2018|14|sofa|306|2018-08-14 15:54:07.0000000
1589||CB - CasasBahia.com.br|09/08/2018|14|painel para tv|202|2018-08-14 15:54:07.0000000
1590||CB - CasasBahia.com.br|09/08/2018|14|armÃ¡rio de cozinha|283|2018-08-14 15:54:07.0000000
1591||CB - CasasBahia.com.br|09/08/2018|15|celular|1246|2018-08-14 15:54:07.0000000
1592||CB - CasasBahia.com.br|09/08/2018|15|guarda roupas de casal|634|2018-08-14 15:54:07.0000000
1593||CB - CasasBahia.com.br|09/08/2018|15|guarda roupa|549|2018-08-14 15:54:07.0000000
1594||CB - CasasBahia.com.br|09/08/2018|15|notebook|394|2018-08-14 15:54:07.0000000
1595||CB - CasasBahia.com.br|09/08/2018|15|iphone|481|2018-08-14 15:54:07.0000000
1596||CB - CasasBahia.com.br|09/08/2018|15|geladeira|377|2018-08-14 15:54:07.0000000
1597||CB - CasasBahia.com.br|09/08/2018|15|microondas|339|2018-08-14 15:54:07.0000000
1598||CB - CasasBahia.com.br|09/08/2018|15|sofa|294|2018-08-14 15:54:07.0000000
1599||CB - CasasBahia.com.br|09/08/2018|15|painel para tv|316|2018-08-14 15:54:07.0000000
1600||CB - CasasBahia.com.br|09/08/2018|15|armÃ¡rio de cozinha|236|2018-08-14 15:54:07.0000000
1601||CB - CasasBahia.com.br|09/08/2018|16|celular|803|2018-08-14 15:54:07.0000000
1602||CB - CasasBahia.com.br|09/08/2018|16|guarda roupas de casal|422|2018-08-14 15:54:07.0000000
1603||CB - CasasBahia.com.br|09/08/2018|16|guarda roupa|579|2018-08-14 15:54:07.0000000
1604||CB - CasasBahia.com.br|09/08/2018|16|notebook|446|2018-08-14 15:54:07.0000000
1605||CB - CasasBahia.com.br|09/08/2018|16|iphone|412|2018-08-14 15:54:07.0000000
1606||CB - CasasBahia.com.br|09/08/2018|16|geladeira|452|2018-08-14 15:54:07.0000000
1607||CB - CasasBahia.com.br|09/08/2018|16|microondas|344|2018-08-14 15:54:07.0000000
1608||CB - CasasBahia.com.br|09/08/2018|16|sofa|361|2018-08-14 15:54:07.0000000
1609||CB - CasasBahia.com.br|09/08/2018|16|painel para tv|268|2018-08-14 15:54:07.0000000
1610||CB - CasasBahia.com.br|09/08/2018|16|armÃ¡rio de cozinha|205|2018-08-14 15:54:07.0000000
1611||CB - CasasBahia.com.br|09/08/2018|17|celular|762|2018-08-14 15:54:07.0000000
1612||CB - CasasBahia.com.br|09/08/2018|17|guarda roupas de casal|384|2018-08-14 15:54:07.0000000
1613||CB - CasasBahia.com.br|09/08/2018|17|guarda roupa|462|2018-08-14 15:54:07.0000000
1614||CB - CasasBahia.com.br|09/08/2018|17|notebook|406|2018-08-14 15:54:07.0000000
1615||CB - CasasBahia.com.br|09/08/2018|17|iphone|353|2018-08-14 15:54:07.0000000
1616||CB - CasasBahia.com.br|09/08/2018|17|geladeira|324|2018-08-14 15:54:07.0000000
1617||CB - CasasBahia.com.br|09/08/2018|17|microondas|296|2018-08-14 15:54:07.0000000
1618||CB - CasasBahia.com.br|09/08/2018|17|sofa|242|2018-08-14 15:54:07.0000000
1619||CB - CasasBahia.com.br|09/08/2018|17|painel para tv|224|2018-08-14 15:54:07.0000000
1620||CB - CasasBahia.com.br|09/08/2018|17|armÃ¡rio de cozinha|136|2018-08-14 15:54:07.0000000
1621||CB - CasasBahia.com.br|09/08/2018|18|celular|682|2018-08-14 15:54:07.0000000
1622||CB - CasasBahia.com.br|09/08/2018|18|guarda roupas de casal|460|2018-08-14 15:54:07.0000000
1623||CB - CasasBahia.com.br|09/08/2018|18|guarda roupa|343|2018-08-14 15:54:07.0000000
1624||CB - CasasBahia.com.br|09/08/2018|18|notebook|316|2018-08-14 15:54:07.0000000
1625||CB - CasasBahia.com.br|09/08/2018|18|iphone|292|2018-08-14 15:54:07.0000000
1626||CB - CasasBahia.com.br|09/08/2018|18|geladeira|276|2018-08-14 15:54:07.0000000
1627||CB - CasasBahia.com.br|09/08/2018|18|microondas|306|2018-08-14 15:54:07.0000000
1628||CB - CasasBahia.com.br|09/08/2018|18|sofa|237|2018-08-14 15:54:07.0000000
1629||CB - CasasBahia.com.br|09/08/2018|18|painel para tv|254|2018-08-14 15:54:07.0000000
1630||CB - CasasBahia.com.br|09/08/2018|18|armÃ¡rio de cozinha|154|2018-08-14 15:54:07.0000000
1631||CB - CasasBahia.com.br|09/08/2018|19|celular|829|2018-08-14 15:54:07.0000000
1632||CB - CasasBahia.com.br|09/08/2018|19|guarda roupas de casal|579|2018-08-14 15:54:07.0000000
1633||CB - CasasBahia.com.br|09/08/2018|19|guarda roupa|397|2018-08-14 15:54:07.0000000
1634||CB - CasasBahia.com.br|09/08/2018|19|notebook|347|2018-08-14 15:54:07.0000000
1635||CB - CasasBahia.com.br|09/08/2018|19|iphone|266|2018-08-14 15:54:07.0000000
1636||CB - CasasBahia.com.br|09/08/2018|19|geladeira|277|2018-08-14 15:54:07.0000000
1637||CB - CasasBahia.com.br|09/08/2018|19|microondas|238|2018-08-14 15:54:07.0000000
1638||CB - CasasBahia.com.br|09/08/2018|19|sofa|161|2018-08-14 15:54:07.0000000
1639||CB - CasasBahia.com.br|09/08/2018|19|painel para tv|155|2018-08-14 15:54:07.0000000
1640||CB - CasasBahia.com.br|09/08/2018|19|armÃ¡rio de cozinha|190|2018-08-14 15:54:07.0000000
1641||CB - CasasBahia.com.br|09/08/2018|20|celular|807|2018-08-14 15:54:07.0000000
1642||CB - CasasBahia.com.br|09/08/2018|20|guarda roupas de casal|555|2018-08-14 15:54:07.0000000
1643||CB - CasasBahia.com.br|09/08/2018|20|guarda roupa|487|2018-08-14 15:54:07.0000000
1644||CB - CasasBahia.com.br|09/08/2018|20|notebook|333|2018-08-14 15:54:07.0000000
1645||CB - CasasBahia.com.br|09/08/2018|20|iphone|296|2018-08-14 15:54:07.0000000
1646||CB - CasasBahia.com.br|09/08/2018|20|geladeira|371|2018-08-14 15:54:07.0000000
1647||CB - CasasBahia.com.br|09/08/2018|20|microondas|262|2018-08-14 15:54:07.0000000
1648||CB - CasasBahia.com.br|09/08/2018|20|sofa|251|2018-08-14 15:54:07.0000000
1649||CB - CasasBahia.com.br|09/08/2018|20|painel para tv|217|2018-08-14 15:54:07.0000000
1650||CB - CasasBahia.com.br|09/08/2018|20|armÃ¡rio de cozinha|246|2018-08-14 15:54:07.0000000
1651||CB - CasasBahia.com.br|09/08/2018|21|celular|895|2018-08-14 15:54:07.0000000
1652||CB - CasasBahia.com.br|09/08/2018|21|guarda roupas de casal|426|2018-08-14 15:54:07.0000000
1653||CB - CasasBahia.com.br|09/08/2018|21|guarda roupa|357|2018-08-14 15:54:07.0000000
1654||CB - CasasBahia.com.br|09/08/2018|21|notebook|369|2018-08-14 15:54:07.0000000
1655||CB - CasasBahia.com.br|09/08/2018|21|iphone|225|2018-08-14 15:54:07.0000000
1656||CB - CasasBahia.com.br|09/08/2018|21|geladeira|281|2018-08-14 15:54:07.0000000
1657||CB - CasasBahia.com.br|09/08/2018|21|microondas|314|2018-08-14 15:54:07.0000000
1658||CB - CasasBahia.com.br|09/08/2018|21|sofa|222|2018-08-14 15:54:07.0000000
1659||CB - CasasBahia.com.br|09/08/2018|21|painel para tv|189|2018-08-14 15:54:07.0000000
1660||CB - CasasBahia.com.br|09/08/2018|21|armÃ¡rio de cozinha|248|2018-08-14 15:54:07.0000000
1661||CB - CasasBahia.com.br|09/08/2018|22|celular|604|2018-08-14 15:54:07.0000000
1662||CB - CasasBahia.com.br|09/08/2018|22|guarda roupas de casal|315|2018-08-14 15:54:07.0000000
1663||CB - CasasBahia.com.br|09/08/2018|22|guarda roupa|317|2018-08-14 15:54:07.0000000
1664||CB - CasasBahia.com.br|09/08/2018|22|notebook|205|2018-08-14 15:54:07.0000000
1665||CB - CasasBahia.com.br|09/08/2018|22|iphone|218|2018-08-14 15:54:07.0000000
1666||CB - CasasBahia.com.br|09/08/2018|22|geladeira|155|2018-08-14 15:54:07.0000000
1667||CB - CasasBahia.com.br|09/08/2018|22|microondas|127|2018-08-14 15:54:07.0000000
1668||CB - CasasBahia.com.br|09/08/2018|22|sofa|170|2018-08-14 15:54:07.0000000
1669||CB - CasasBahia.com.br|09/08/2018|22|painel para tv|212|2018-08-14 15:54:07.0000000
1670||CB - CasasBahia.com.br|09/08/2018|22|armÃ¡rio de cozinha|227|2018-08-14 15:54:07.0000000
1671||CB - CasasBahia.com.br|09/08/2018|23|celular|441|2018-08-14 15:54:07.0000000
1672||CB - CasasBahia.com.br|09/08/2018|23|guarda roupas de casal|262|2018-08-14 15:54:07.0000000
1673||CB - CasasBahia.com.br|09/08/2018|23|guarda roupa|171|2018-08-14 15:54:07.0000000
1674||CB - CasasBahia.com.br|09/08/2018|23|notebook|166|2018-08-14 15:54:07.0000000
1675||CB - CasasBahia.com.br|09/08/2018|23|iphone|237|2018-08-14 15:54:07.0000000
1676||CB - CasasBahia.com.br|09/08/2018|23|geladeira|110|2018-08-14 15:54:07.0000000
1677||CB - CasasBahia.com.br|09/08/2018|23|microondas|84|2018-08-14 15:54:07.0000000
1678||CB - CasasBahia.com.br|09/08/2018|23|sofa|117|2018-08-14 15:54:07.0000000
1679||CB - CasasBahia.com.br|09/08/2018|23|painel para tv|96|2018-08-14 15:54:07.0000000
1680||CB - CasasBahia.com.br|09/08/2018|23|armÃ¡rio de cozinha|203|2018-08-14 15:54:07.0000000
1681||EX - Extra.com.br|09/08/2018|0|iphone|15|2018-08-14 15:54:13.0000000
1682||EX - Extra.com.br|09/08/2018|0|tablet|18|2018-08-14 15:54:13.0000000
1683||EX - Extra.com.br|09/08/2018|0|microondas|30|2018-08-14 15:54:13.0000000
1684||EX - Extra.com.br|09/08/2018|0|extra online|17|2018-08-14 15:54:13.0000000
1685||EX - Extra.com.br|09/08/2018|0|pneu aro 14|13|2018-08-14 15:54:13.0000000
1686||EX - Extra.com.br|09/08/2018|0|cadastro clube extra|9|2018-08-14 15:54:13.0000000
1687||EX - Extra.com.br|09/08/2018|0|relÃ³gio masculino|42|2018-08-14 15:54:13.0000000
1688||EX - Extra.com.br|09/08/2018|0|cadeira escritÃ³rio|5|2018-08-14 15:54:13.0000000
1689||EX - Extra.com.br|09/08/2018|0|j7 prime|9|2018-08-14 15:54:13.0000000
1690||EX - Extra.com.br|09/08/2018|0|notebook|26|2018-08-14 15:54:13.0000000
1691||EX - Extra.com.br|09/08/2018|1|iphone|16|2018-08-14 15:54:13.0000000
1692||EX - Extra.com.br|09/08/2018|1|tablet|0|2018-08-14 15:54:13.0000000
1693||EX - Extra.com.br|09/08/2018|1|microondas|4|2018-08-14 15:54:13.0000000
1694||EX - Extra.com.br|09/08/2018|1|extra online|5|2018-08-14 15:54:13.0000000
1695||EX - Extra.com.br|09/08/2018|1|pneu aro 14|3|2018-08-14 15:54:13.0000000
1696||EX - Extra.com.br|09/08/2018|1|cadastro clube extra|6|2018-08-14 15:54:13.0000000
1697||EX - Extra.com.br|09/08/2018|1|relÃ³gio masculino|4|2018-08-14 15:54:13.0000000
1698||EX - Extra.com.br|09/08/2018|1|cadeira escritÃ³rio|1|2018-08-14 15:54:13.0000000
1699||EX - Extra.com.br|09/08/2018|1|j7 prime|6|2018-08-14 15:54:13.0000000
1700||EX - Extra.com.br|09/08/2018|1|notebook|0|2018-08-14 15:54:13.0000000
1701||EX - Extra.com.br|09/08/2018|2|iphone|45|2018-08-14 15:54:13.0000000
1702||EX - Extra.com.br|09/08/2018|2|tablet|21|2018-08-14 15:54:13.0000000
1703||EX - Extra.com.br|09/08/2018|2|microondas|0|2018-08-14 15:54:13.0000000
1704||EX - Extra.com.br|09/08/2018|2|extra online|6|2018-08-14 15:54:13.0000000
1705||EX - Extra.com.br|09/08/2018|2|pneu aro 14|1|2018-08-14 15:54:13.0000000
1706||EX - Extra.com.br|09/08/2018|2|cadastro clube extra|0|2018-08-14 15:54:13.0000000
1707||EX - Extra.com.br|09/08/2018|2|relÃ³gio masculino|0|2018-08-14 15:54:13.0000000
1708||EX - Extra.com.br|09/08/2018|2|cadeira escritÃ³rio|9|2018-08-14 15:54:13.0000000
1709||EX - Extra.com.br|09/08/2018|2|j7 prime|2|2018-08-14 15:54:13.0000000
1710||EX - Extra.com.br|09/08/2018|2|notebook|0|2018-08-14 15:54:13.0000000
1711||EX - Extra.com.br|09/08/2018|3|iphone|5|2018-08-14 15:54:13.0000000
1712||EX - Extra.com.br|09/08/2018|3|tablet|2|2018-08-14 15:54:13.0000000
1713||EX - Extra.com.br|09/08/2018|3|microondas|0|2018-08-14 15:54:13.0000000
1714||EX - Extra.com.br|09/08/2018|3|extra online|3|2018-08-14 15:54:13.0000000
1715||EX - Extra.com.br|09/08/2018|3|pneu aro 14|18|2018-08-14 15:54:13.0000000
1716||EX - Extra.com.br|09/08/2018|3|cadastro clube extra|1|2018-08-14 15:54:13.0000000
1717||EX - Extra.com.br|09/08/2018|3|relÃ³gio masculino|0|2018-08-14 15:54:13.0000000
1718||EX - Extra.com.br|09/08/2018|3|cadeira escritÃ³rio|3|2018-08-14 15:54:13.0000000
1719||EX - Extra.com.br|09/08/2018|3|j7 prime|0|2018-08-14 15:54:13.0000000
1720||EX - Extra.com.br|09/08/2018|3|notebook|0|2018-08-14 15:54:13.0000000
1721||EX - Extra.com.br|09/08/2018|4|iphone|5|2018-08-14 15:54:13.0000000
1722||EX - Extra.com.br|09/08/2018|4|tablet|2|2018-08-14 15:54:13.0000000
1723||EX - Extra.com.br|09/08/2018|4|microondas|0|2018-08-14 15:54:13.0000000
1724||EX - Extra.com.br|09/08/2018|4|extra online|0|2018-08-14 15:54:13.0000000
1725||EX - Extra.com.br|09/08/2018|4|pneu aro 14|0|2018-08-14 15:54:13.0000000
1726||EX - Extra.com.br|09/08/2018|4|cadastro clube extra|0|2018-08-14 15:54:13.0000000
1727||EX - Extra.com.br|09/08/2018|4|relÃ³gio masculino|0|2018-08-14 15:54:13.0000000
1728||EX - Extra.com.br|09/08/2018|4|cadeira escritÃ³rio|0|2018-08-14 15:54:13.0000000
1729||EX - Extra.com.br|09/08/2018|4|j7 prime|2|2018-08-14 15:54:13.0000000
1730||EX - Extra.com.br|09/08/2018|4|notebook|13|2018-08-14 15:54:13.0000000
1731||EX - Extra.com.br|09/08/2018|5|iphone|2|2018-08-14 15:54:13.0000000
1732||EX - Extra.com.br|09/08/2018|5|tablet|2|2018-08-14 15:54:13.0000000
1733||EX - Extra.com.br|09/08/2018|5|microondas|0|2018-08-14 15:54:13.0000000
1734||EX - Extra.com.br|09/08/2018|5|extra online|3|2018-08-14 15:54:13.0000000
1735||EX - Extra.com.br|09/08/2018|5|pneu aro 14|2|2018-08-14 15:54:13.0000000
1736||EX - Extra.com.br|09/08/2018|5|cadastro clube extra|0|2018-08-14 15:54:13.0000000
1737||EX - Extra.com.br|09/08/2018|5|relÃ³gio masculino|0|2018-08-14 15:54:13.0000000
1738||EX - Extra.com.br|09/08/2018|5|cadeira escritÃ³rio|8|2018-08-14 15:54:13.0000000
1739||EX - Extra.com.br|09/08/2018|5|j7 prime|0|2018-08-14 15:54:13.0000000
1740||EX - Extra.com.br|09/08/2018|5|notebook|0|2018-08-14 15:54:13.0000000
1741||EX - Extra.com.br|09/08/2018|6|iphone|6|2018-08-14 15:54:13.0000000
1742||EX - Extra.com.br|09/08/2018|6|tablet|11|2018-08-14 15:54:13.0000000
1743||EX - Extra.com.br|09/08/2018|6|microondas|0|2018-08-14 15:54:13.0000000
1744||EX - Extra.com.br|09/08/2018|6|extra online|2|2018-08-14 15:54:13.0000000
1745||EX - Extra.com.br|09/08/2018|6|pneu aro 14|2|2018-08-14 15:54:13.0000000
1746||EX - Extra.com.br|09/08/2018|6|cadastro clube extra|2|2018-08-14 15:54:13.0000000
1747||EX - Extra.com.br|09/08/2018|6|relÃ³gio masculino|0|2018-08-14 15:54:13.0000000
1748||EX - Extra.com.br|09/08/2018|6|cadeira escritÃ³rio|9|2018-08-14 15:54:13.0000000
1749||EX - Extra.com.br|09/08/2018|6|j7 prime|4|2018-08-14 15:54:13.0000000
1750||EX - Extra.com.br|09/08/2018|6|notebook|25|2018-08-14 15:54:13.0000000
1751||EX - Extra.com.br|09/08/2018|7|iphone|22|2018-08-14 15:54:13.0000000
1752||EX - Extra.com.br|09/08/2018|7|tablet|12|2018-08-14 15:54:13.0000000
1753||EX - Extra.com.br|09/08/2018|7|microondas|2|2018-08-14 15:54:13.0000000
1754||EX - Extra.com.br|09/08/2018|7|extra online|21|2018-08-14 15:54:13.0000000
1755||EX - Extra.com.br|09/08/2018|7|pneu aro 14|57|2018-08-14 15:54:13.0000000
1756||EX - Extra.com.br|09/08/2018|7|cadastro clube extra|11|2018-08-14 15:54:13.0000000
1757||EX - Extra.com.br|09/08/2018|7|relÃ³gio masculino|10|2018-08-14 15:54:13.0000000
1758||EX - Extra.com.br|09/08/2018|7|cadeira escritÃ³rio|5|2018-08-14 15:54:13.0000000
1759||EX - Extra.com.br|09/08/2018|7|j7 prime|22|2018-08-14 15:54:13.0000000
1760||EX - Extra.com.br|09/08/2018|7|notebook|5|2018-08-14 15:54:13.0000000
1761||EX - Extra.com.br|09/08/2018|8|iphone|81|2018-08-14 15:54:13.0000000
1762||EX - Extra.com.br|09/08/2018|8|tablet|11|2018-08-14 15:54:13.0000000
1763||EX - Extra.com.br|09/08/2018|8|microondas|32|2018-08-14 15:54:13.0000000
1764||EX - Extra.com.br|09/08/2018|8|extra online|51|2018-08-14 15:54:13.0000000
1765||EX - Extra.com.br|09/08/2018|8|pneu aro 14|49|2018-08-14 15:54:13.0000000
1766||EX - Extra.com.br|09/08/2018|8|cadastro clube extra|56|2018-08-14 15:54:13.0000000
1767||EX - Extra.com.br|09/08/2018|8|relÃ³gio masculino|62|2018-08-14 15:54:13.0000000
1768||EX - Extra.com.br|09/08/2018|8|cadeira escritÃ³rio|55|2018-08-14 15:54:13.0000000
1769||EX - Extra.com.br|09/08/2018|8|j7 prime|56|2018-08-14 15:54:13.0000000
1770||EX - Extra.com.br|09/08/2018|8|notebook|61|2018-08-14 15:54:13.0000000
1771||EX - Extra.com.br|09/08/2018|9|iphone|151|2018-08-14 15:54:13.0000000
1772||EX - Extra.com.br|09/08/2018|9|tablet|156|2018-08-14 15:54:13.0000000
1773||EX - Extra.com.br|09/08/2018|9|microondas|107|2018-08-14 15:54:13.0000000
1774||EX - Extra.com.br|09/08/2018|9|extra online|53|2018-08-14 15:54:13.0000000
1775||EX - Extra.com.br|09/08/2018|9|pneu aro 14|43|2018-08-14 15:54:13.0000000
1776||EX - Extra.com.br|09/08/2018|9|cadastro clube extra|86|2018-08-14 15:54:13.0000000
1777||EX - Extra.com.br|09/08/2018|9|relÃ³gio masculino|35|2018-08-14 15:54:13.0000000
1778||EX - Extra.com.br|09/08/2018|9|cadeira escritÃ³rio|72|2018-08-14 15:54:13.0000000
1779||EX - Extra.com.br|09/08/2018|9|j7 prime|54|2018-08-14 15:54:13.0000000
1780||EX - Extra.com.br|09/08/2018|9|notebook|60|2018-08-14 15:54:13.0000000
1781||EX - Extra.com.br|09/08/2018|10|iphone|180|2018-08-14 15:54:13.0000000
1782||EX - Extra.com.br|09/08/2018|10|tablet|152|2018-08-14 15:54:13.0000000
1783||EX - Extra.com.br|09/08/2018|10|microondas|98|2018-08-14 15:54:13.0000000
1784||EX - Extra.com.br|09/08/2018|10|extra online|78|2018-08-14 15:54:13.0000000
1785||EX - Extra.com.br|09/08/2018|10|pneu aro 14|110|2018-08-14 15:54:13.0000000
1786||EX - Extra.com.br|09/08/2018|10|cadastro clube extra|91|2018-08-14 15:54:13.0000000
1787||EX - Extra.com.br|09/08/2018|10|relÃ³gio masculino|36|2018-08-14 15:54:13.0000000
1788||EX - Extra.com.br|09/08/2018|10|cadeira escritÃ³rio|70|2018-08-14 15:54:13.0000000
1789||EX - Extra.com.br|09/08/2018|10|j7 prime|141|2018-08-14 15:54:13.0000000
1790||EX - Extra.com.br|09/08/2018|10|notebook|39|2018-08-14 15:54:13.0000000
1791||EX - Extra.com.br|09/08/2018|11|iphone|144|2018-08-14 15:54:13.0000000
1792||EX - Extra.com.br|09/08/2018|11|tablet|90|2018-08-14 15:54:13.0000000
1793||EX - Extra.com.br|09/08/2018|11|microondas|135|2018-08-14 15:54:13.0000000
1794||EX - Extra.com.br|09/08/2018|11|extra online|63|2018-08-14 15:54:13.0000000
1795||EX - Extra.com.br|09/08/2018|11|pneu aro 14|49|2018-08-14 15:54:13.0000000
1796||EX - Extra.com.br|09/08/2018|11|cadastro clube extra|93|2018-08-14 15:54:13.0000000
1797||EX - Extra.com.br|09/08/2018|11|relÃ³gio masculino|67|2018-08-14 15:54:13.0000000
1798||EX - Extra.com.br|09/08/2018|11|cadeira escritÃ³rio|64|2018-08-14 15:54:13.0000000
1799||EX - Extra.com.br|09/08/2018|11|j7 prime|66|2018-08-14 15:54:13.0000000
1800||EX - Extra.com.br|09/08/2018|11|notebook|88|2018-08-14 15:54:13.0000000
1801||EX - Extra.com.br|09/08/2018|12|iphone|100|2018-08-14 15:54:13.0000000
1802||EX - Extra.com.br|09/08/2018|12|tablet|72|2018-08-14 15:54:13.0000000
1803||EX - Extra.com.br|09/08/2018|12|microondas|114|2018-08-14 15:54:13.0000000
1804||EX - Extra.com.br|09/08/2018|12|extra online|75|2018-08-14 15:54:13.0000000
1805||EX - Extra.com.br|09/08/2018|12|pneu aro 14|140|2018-08-14 15:54:13.0000000
1806||EX - Extra.com.br|09/08/2018|12|cadastro clube extra|78|2018-08-14 15:54:13.0000000
1807||EX - Extra.com.br|09/08/2018|12|relÃ³gio masculino|48|2018-08-14 15:54:13.0000000
1808||EX - Extra.com.br|09/08/2018|12|cadeira escritÃ³rio|69|2018-08-14 15:54:13.0000000
1809||EX - Extra.com.br|09/08/2018|12|j7 prime|76|2018-08-14 15:54:13.0000000
1810||EX - Extra.com.br|09/08/2018|12|notebook|62|2018-08-14 15:54:13.0000000
1811||EX - Extra.com.br|09/08/2018|13|iphone|175|2018-08-14 15:54:13.0000000
1812||EX - Extra.com.br|09/08/2018|13|tablet|95|2018-08-14 15:54:13.0000000
1813||EX - Extra.com.br|09/08/2018|13|microondas|67|2018-08-14 15:54:13.0000000
1814||EX - Extra.com.br|09/08/2018|13|extra online|63|2018-08-14 15:54:13.0000000
1815||EX - Extra.com.br|09/08/2018|13|pneu aro 14|55|2018-08-14 15:54:13.0000000
1816||EX - Extra.com.br|09/08/2018|13|cadastro clube extra|109|2018-08-14 15:54:13.0000000
1817||EX - Extra.com.br|09/08/2018|13|relÃ³gio masculino|124|2018-08-14 15:54:13.0000000
1818||EX - Extra.com.br|09/08/2018|13|cadeira escritÃ³rio|88|2018-08-14 15:54:13.0000000
1819||EX - Extra.com.br|09/08/2018|13|j7 prime|49|2018-08-14 15:54:13.0000000
1820||EX - Extra.com.br|09/08/2018|13|notebook|50|2018-08-14 15:54:13.0000000
1821||EX - Extra.com.br|09/08/2018|14|iphone|116|2018-08-14 15:54:13.0000000
1822||EX - Extra.com.br|09/08/2018|14|tablet|94|2018-08-14 15:54:13.0000000
1823||EX - Extra.com.br|09/08/2018|14|microondas|132|2018-08-14 15:54:13.0000000
1824||EX - Extra.com.br|09/08/2018|14|extra online|103|2018-08-14 15:54:13.0000000
1825||EX - Extra.com.br|09/08/2018|14|pneu aro 14|119|2018-08-14 15:54:13.0000000
1826||EX - Extra.com.br|09/08/2018|14|cadastro clube extra|111|2018-08-14 15:54:13.0000000
1827||EX - Extra.com.br|09/08/2018|14|relÃ³gio masculino|59|2018-08-14 15:54:13.0000000
1828||EX - Extra.com.br|09/08/2018|14|cadeira escritÃ³rio|120|2018-08-14 15:54:13.0000000
1829||EX - Extra.com.br|09/08/2018|14|j7 prime|70|2018-08-14 15:54:13.0000000
1830||EX - Extra.com.br|09/08/2018|14|notebook|91|2018-08-14 15:54:13.0000000
1831||EX - Extra.com.br|09/08/2018|15|iphone|122|2018-08-14 15:54:13.0000000
1832||EX - Extra.com.br|09/08/2018|15|tablet|189|2018-08-14 15:54:13.0000000
1833||EX - Extra.com.br|09/08/2018|15|microondas|62|2018-08-14 15:54:13.0000000
1834||EX - Extra.com.br|09/08/2018|15|extra online|57|2018-08-14 15:54:13.0000000
1835||EX - Extra.com.br|09/08/2018|15|pneu aro 14|84|2018-08-14 15:54:13.0000000
1836||EX - Extra.com.br|09/08/2018|15|cadastro clube extra|87|2018-08-14 15:54:13.0000000
1837||EX - Extra.com.br|09/08/2018|15|relÃ³gio masculino|43|2018-08-14 15:54:13.0000000
1838||EX - Extra.com.br|09/08/2018|15|cadeira escritÃ³rio|95|2018-08-14 15:54:13.0000000
1839||EX - Extra.com.br|09/08/2018|15|j7 prime|49|2018-08-14 15:54:13.0000000
1840||EX - Extra.com.br|09/08/2018|15|notebook|47|2018-08-14 15:54:13.0000000
1841||EX - Extra.com.br|09/08/2018|16|iphone|150|2018-08-14 15:54:13.0000000
1842||EX - Extra.com.br|09/08/2018|16|tablet|132|2018-08-14 15:54:13.0000000
1843||EX - Extra.com.br|09/08/2018|16|microondas|32|2018-08-14 15:54:13.0000000
1844||EX - Extra.com.br|09/08/2018|16|extra online|72|2018-08-14 15:54:13.0000000
1845||EX - Extra.com.br|09/08/2018|16|pneu aro 14|47|2018-08-14 15:54:13.0000000
1846||EX - Extra.com.br|09/08/2018|16|cadastro clube extra|94|2018-08-14 15:54:13.0000000
1847||EX - Extra.com.br|09/08/2018|16|relÃ³gio masculino|84|2018-08-14 15:54:13.0000000
1848||EX - Extra.com.br|09/08/2018|16|cadeira escritÃ³rio|57|2018-08-14 15:54:13.0000000
1849||EX - Extra.com.br|09/08/2018|16|j7 prime|51|2018-08-14 15:54:13.0000000
1850||EX - Extra.com.br|09/08/2018|16|notebook|75|2018-08-14 15:54:13.0000000
1851||EX - Extra.com.br|09/08/2018|17|iphone|103|2018-08-14 15:54:13.0000000
1852||EX - Extra.com.br|09/08/2018|17|tablet|84|2018-08-14 15:54:13.0000000
1853||EX - Extra.com.br|09/08/2018|17|microondas|71|2018-08-14 15:54:13.0000000
1854||EX - Extra.com.br|09/08/2018|17|extra online|87|2018-08-14 15:54:13.0000000
1855||EX - Extra.com.br|09/08/2018|17|pneu aro 14|97|2018-08-14 15:54:13.0000000
1856||EX - Extra.com.br|09/08/2018|17|cadastro clube extra|66|2018-08-14 15:54:13.0000000
1857||EX - Extra.com.br|09/08/2018|17|relÃ³gio masculino|75|2018-08-14 15:54:13.0000000
1858||EX - Extra.com.br|09/08/2018|17|cadeira escritÃ³rio|76|2018-08-14 15:54:13.0000000
1859||EX - Extra.com.br|09/08/2018|17|j7 prime|55|2018-08-14 15:54:13.0000000
1860||EX - Extra.com.br|09/08/2018|17|notebook|63|2018-08-14 15:54:13.0000000
1861||EX - Extra.com.br|09/08/2018|18|iphone|89|2018-08-14 15:54:13.0000000
1862||EX - Extra.com.br|09/08/2018|18|tablet|74|2018-08-14 15:54:13.0000000
1863||EX - Extra.com.br|09/08/2018|18|microondas|76|2018-08-14 15:54:13.0000000
1864||EX - Extra.com.br|09/08/2018|18|extra online|45|2018-08-14 15:54:13.0000000
1865||EX - Extra.com.br|09/08/2018|18|pneu aro 14|27|2018-08-14 15:54:13.0000000
1866||EX - Extra.com.br|09/08/2018|18|cadastro clube extra|43|2018-08-14 15:54:13.0000000
1867||EX - Extra.com.br|09/08/2018|18|relÃ³gio masculino|92|2018-08-14 15:54:13.0000000
1868||EX - Extra.com.br|09/08/2018|18|cadeira escritÃ³rio|72|2018-08-14 15:54:13.0000000
1869||EX - Extra.com.br|09/08/2018|18|j7 prime|55|2018-08-14 15:54:13.0000000
1870||EX - Extra.com.br|09/08/2018|18|notebook|48|2018-08-14 15:54:13.0000000
1871||EX - Extra.com.br|09/08/2018|19|iphone|89|2018-08-14 15:54:13.0000000
1872||EX - Extra.com.br|09/08/2018|19|tablet|110|2018-08-14 15:54:13.0000000
1873||EX - Extra.com.br|09/08/2018|19|microondas|68|2018-08-14 15:54:13.0000000
1874||EX - Extra.com.br|09/08/2018|19|extra online|70|2018-08-14 15:54:13.0000000
1875||EX - Extra.com.br|09/08/2018|19|pneu aro 14|52|2018-08-14 15:54:13.0000000
1876||EX - Extra.com.br|09/08/2018|19|cadastro clube extra|58|2018-08-14 15:54:13.0000000
1877||EX - Extra.com.br|09/08/2018|19|relÃ³gio masculino|89|2018-08-14 15:54:13.0000000
1878||EX - Extra.com.br|09/08/2018|19|cadeira escritÃ³rio|65|2018-08-14 15:54:13.0000000
1879||EX - Extra.com.br|09/08/2018|19|j7 prime|56|2018-08-14 15:54:13.0000000
1880||EX - Extra.com.br|09/08/2018|19|notebook|98|2018-08-14 15:54:13.0000000
1881||EX - Extra.com.br|09/08/2018|20|iphone|162|2018-08-14 15:54:13.0000000
1882||EX - Extra.com.br|09/08/2018|20|tablet|64|2018-08-14 15:54:13.0000000
1883||EX - Extra.com.br|09/08/2018|20|microondas|52|2018-08-14 15:54:13.0000000
1884||EX - Extra.com.br|09/08/2018|20|extra online|96|2018-08-14 15:54:13.0000000
1885||EX - Extra.com.br|09/08/2018|20|pneu aro 14|39|2018-08-14 15:54:13.0000000
1886||EX - Extra.com.br|09/08/2018|20|cadastro clube extra|64|2018-08-14 15:54:13.0000000
1887||EX - Extra.com.br|09/08/2018|20|relÃ³gio masculino|15|2018-08-14 15:54:13.0000000
1888||EX - Extra.com.br|09/08/2018|20|cadeira escritÃ³rio|51|2018-08-14 15:54:13.0000000
1889||EX - Extra.com.br|09/08/2018|20|j7 prime|82|2018-08-14 15:54:13.0000000
1890||EX - Extra.com.br|09/08/2018|20|notebook|39|2018-08-14 15:54:13.0000000
1891||EX - Extra.com.br|09/08/2018|21|iphone|129|2018-08-14 15:54:13.0000000
1892||EX - Extra.com.br|09/08/2018|21|tablet|136|2018-08-14 15:54:13.0000000
1893||EX - Extra.com.br|09/08/2018|21|microondas|51|2018-08-14 15:54:13.0000000
1894||EX - Extra.com.br|09/08/2018|21|extra online|89|2018-08-14 15:54:13.0000000
1895||EX - Extra.com.br|09/08/2018|21|pneu aro 14|64|2018-08-14 15:54:13.0000000
1896||EX - Extra.com.br|09/08/2018|21|cadastro clube extra|52|2018-08-14 15:54:13.0000000
1897||EX - Extra.com.br|09/08/2018|21|relÃ³gio masculino|104|2018-08-14 15:54:13.0000000
1898||EX - Extra.com.br|09/08/2018|21|cadeira escritÃ³rio|72|2018-08-14 15:54:13.0000000
1899||EX - Extra.com.br|09/08/2018|21|j7 prime|52|2018-08-14 15:54:13.0000000
1900||EX - Extra.com.br|09/08/2018|21|notebook|86|2018-08-14 15:54:13.0000000
1901||EX - Extra.com.br|09/08/2018|22|iphone|115|2018-08-14 15:54:13.0000000
1902||EX - Extra.com.br|09/08/2018|22|tablet|89|2018-08-14 15:54:13.0000000
1903||EX - Extra.com.br|09/08/2018|22|microondas|87|2018-08-14 15:54:13.0000000
1904||EX - Extra.com.br|09/08/2018|22|extra online|104|2018-08-14 15:54:13.0000000
1905||EX - Extra.com.br|09/08/2018|22|pneu aro 14|58|2018-08-14 15:54:13.0000000
1906||EX - Extra.com.br|09/08/2018|22|cadastro clube extra|34|2018-08-14 15:54:13.0000000
1907||EX - Extra.com.br|09/08/2018|22|relÃ³gio masculino|99|2018-08-14 15:54:13.0000000
1908||EX - Extra.com.br|09/08/2018|22|cadeira escritÃ³rio|9|2018-08-14 15:54:13.0000000
1909||EX - Extra.com.br|09/08/2018|22|j7 prime|73|2018-08-14 15:54:13.0000000
1910||EX - Extra.com.br|09/08/2018|22|notebook|52|2018-08-14 15:54:13.0000000
1911||EX - Extra.com.br|09/08/2018|23|iphone|46|2018-08-14 15:54:13.0000000
1912||EX - Extra.com.br|09/08/2018|23|tablet|32|2018-08-14 15:54:13.0000000
1913||EX - Extra.com.br|09/08/2018|23|microondas|54|2018-08-14 15:54:13.0000000
1914||EX - Extra.com.br|09/08/2018|23|extra online|42|2018-08-14 15:54:13.0000000
1915||EX - Extra.com.br|09/08/2018|23|pneu aro 14|54|2018-08-14 15:54:13.0000000
1916||EX - Extra.com.br|09/08/2018|23|cadastro clube extra|23|2018-08-14 15:54:13.0000000
1917||EX - Extra.com.br|09/08/2018|23|relÃ³gio masculino|37|2018-08-14 15:54:13.0000000
1918||EX - Extra.com.br|09/08/2018|23|cadeira escritÃ³rio|32|2018-08-14 15:54:13.0000000
1919||EX - Extra.com.br|09/08/2018|23|j7 prime|32|2018-08-14 15:54:13.0000000
1920||EX - Extra.com.br|09/08/2018|23|notebook|7|2018-08-14 15:54:13.0000000
1921||PF - Pontofrio.com|09/08/2018|0|notebook|19|2018-08-14 15:54:19.0000000
1922||PF - Pontofrio.com|09/08/2018|0|iphone|86|2018-08-14 15:54:19.0000000
1923||PF - Pontofrio.com|09/08/2018|0|celular|44|2018-08-14 15:54:19.0000000
1924||PF - Pontofrio.com|09/08/2018|0|guarda roupas de casal|14|2018-08-14 15:54:19.0000000
1925||PF - Pontofrio.com|09/08/2018|0|iphone 8|33|2018-08-14 15:54:19.0000000
1926||PF - Pontofrio.com|09/08/2018|0|iphone 7|33|2018-08-14 15:54:19.0000000
1927||PF - Pontofrio.com|09/08/2018|0|microondas|9|2018-08-14 15:54:19.0000000
1928||PF - Pontofrio.com|09/08/2018|0|geladeira|6|2018-08-14 15:54:19.0000000
1929||PF - Pontofrio.com|09/08/2018|0|j7 pro|32|2018-08-14 15:54:19.0000000
1930||PF - Pontofrio.com|09/08/2018|0|moto g6|40|2018-08-14 15:54:19.0000000
1931||PF - Pontofrio.com|09/08/2018|1|notebook|2|2018-08-14 15:54:19.0000000
1932||PF - Pontofrio.com|09/08/2018|1|iphone|25|2018-08-14 15:54:19.0000000
1933||PF - Pontofrio.com|09/08/2018|1|celular|16|2018-08-14 15:54:19.0000000
1934||PF - Pontofrio.com|09/08/2018|1|guarda roupas de casal|97|2018-08-14 15:54:19.0000000
1935||PF - Pontofrio.com|09/08/2018|1|iphone 8|51|2018-08-14 15:54:19.0000000
1936||PF - Pontofrio.com|09/08/2018|1|iphone 7|7|2018-08-14 15:54:19.0000000
1937||PF - Pontofrio.com|09/08/2018|1|microondas|1|2018-08-14 15:54:19.0000000
1938||PF - Pontofrio.com|09/08/2018|1|geladeira|4|2018-08-14 15:54:19.0000000
1939||PF - Pontofrio.com|09/08/2018|1|j7 pro|8|2018-08-14 15:54:19.0000000
1940||PF - Pontofrio.com|09/08/2018|1|moto g6|1|2018-08-14 15:54:19.0000000
1941||PF - Pontofrio.com|09/08/2018|2|notebook|2|2018-08-14 15:54:19.0000000
1942||PF - Pontofrio.com|09/08/2018|2|iphone|17|2018-08-14 15:54:19.0000000
1943||PF - Pontofrio.com|09/08/2018|2|celular|29|2018-08-14 15:54:19.0000000
1944||PF - Pontofrio.com|09/08/2018|2|guarda roupas de casal|59|2018-08-14 15:54:19.0000000
1945||PF - Pontofrio.com|09/08/2018|2|iphone 8|5|2018-08-14 15:54:19.0000000
1946||PF - Pontofrio.com|09/08/2018|2|iphone 7|4|2018-08-14 15:54:19.0000000
1947||PF - Pontofrio.com|09/08/2018|2|microondas|1|2018-08-14 15:54:19.0000000
1948||PF - Pontofrio.com|09/08/2018|2|geladeira|2|2018-08-14 15:54:19.0000000
1949||PF - Pontofrio.com|09/08/2018|2|j7 pro|2|2018-08-14 15:54:19.0000000
1950||PF - Pontofrio.com|09/08/2018|2|moto g6|6|2018-08-14 15:54:19.0000000
1951||PF - Pontofrio.com|09/08/2018|3|notebook|2|2018-08-14 15:54:19.0000000
1952||PF - Pontofrio.com|09/08/2018|3|iphone|2|2018-08-14 15:54:19.0000000
1953||PF - Pontofrio.com|09/08/2018|3|celular|0|2018-08-14 15:54:19.0000000
1954||PF - Pontofrio.com|09/08/2018|3|guarda roupas de casal|0|2018-08-14 15:54:19.0000000
1955||PF - Pontofrio.com|09/08/2018|3|iphone 8|4|2018-08-14 15:54:19.0000000
1956||PF - Pontofrio.com|09/08/2018|3|iphone 7|0|2018-08-14 15:54:19.0000000
1957||PF - Pontofrio.com|09/08/2018|3|microondas|0|2018-08-14 15:54:19.0000000
1958||PF - Pontofrio.com|09/08/2018|3|geladeira|11|2018-08-14 15:54:19.0000000
1959||PF - Pontofrio.com|09/08/2018|3|j7 pro|2|2018-08-14 15:54:19.0000000
1960||PF - Pontofrio.com|09/08/2018|3|moto g6|2|2018-08-14 15:54:19.0000000
1961||PF - Pontofrio.com|09/08/2018|4|notebook|22|2018-08-14 15:54:19.0000000
1962||PF - Pontofrio.com|09/08/2018|4|iphone|11|2018-08-14 15:54:19.0000000
1963||PF - Pontofrio.com|09/08/2018|4|celular|0|2018-08-14 15:54:19.0000000
1964||PF - Pontofrio.com|09/08/2018|4|guarda roupas de casal|0|2018-08-14 15:54:19.0000000
1965||PF - Pontofrio.com|09/08/2018|4|iphone 8|0|2018-08-14 15:54:19.0000000
1966||PF - Pontofrio.com|09/08/2018|4|iphone 7|2|2018-08-14 15:54:19.0000000
1967||PF - Pontofrio.com|09/08/2018|4|microondas|12|2018-08-14 15:54:19.0000000
1968||PF - Pontofrio.com|09/08/2018|4|geladeira|0|2018-08-14 15:54:19.0000000
1969||PF - Pontofrio.com|09/08/2018|4|j7 pro|2|2018-08-14 15:54:19.0000000
1970||PF - Pontofrio.com|09/08/2018|4|moto g6|0|2018-08-14 15:54:19.0000000
1971||PF - Pontofrio.com|09/08/2018|5|notebook|0|2018-08-14 15:54:19.0000000
1972||PF - Pontofrio.com|09/08/2018|5|iphone|3|2018-08-14 15:54:19.0000000
1973||PF - Pontofrio.com|09/08/2018|5|celular|2|2018-08-14 15:54:19.0000000
1974||PF - Pontofrio.com|09/08/2018|5|guarda roupas de casal|0|2018-08-14 15:54:19.0000000
1975||PF - Pontofrio.com|09/08/2018|5|iphone 8|3|2018-08-14 15:54:19.0000000
1976||PF - Pontofrio.com|09/08/2018|5|iphone 7|12|2018-08-14 15:54:19.0000000
1977||PF - Pontofrio.com|09/08/2018|5|microondas|0|2018-08-14 15:54:19.0000000
1978||PF - Pontofrio.com|09/08/2018|5|geladeira|0|2018-08-14 15:54:19.0000000
1979||PF - Pontofrio.com|09/08/2018|5|j7 pro|6|2018-08-14 15:54:19.0000000
1980||PF - Pontofrio.com|09/08/2018|5|moto g6|0|2018-08-14 15:54:19.0000000
1981||PF - Pontofrio.com|09/08/2018|6|notebook|0|2018-08-14 15:54:19.0000000
1982||PF - Pontofrio.com|09/08/2018|6|iphone|4|2018-08-14 15:54:19.0000000
1983||PF - Pontofrio.com|09/08/2018|6|celular|4|2018-08-14 15:54:19.0000000
1984||PF - Pontofrio.com|09/08/2018|6|guarda roupas de casal|17|2018-08-14 15:54:19.0000000
1985||PF - Pontofrio.com|09/08/2018|6|iphone 8|2|2018-08-14 15:54:19.0000000
1986||PF - Pontofrio.com|09/08/2018|6|iphone 7|2|2018-08-14 15:54:19.0000000
1987||PF - Pontofrio.com|09/08/2018|6|microondas|8|2018-08-14 15:54:19.0000000
1988||PF - Pontofrio.com|09/08/2018|6|geladeira|0|2018-08-14 15:54:19.0000000
1989||PF - Pontofrio.com|09/08/2018|6|j7 pro|4|2018-08-14 15:54:19.0000000
1990||PF - Pontofrio.com|09/08/2018|6|moto g6|6|2018-08-14 15:54:19.0000000
1991||PF - Pontofrio.com|09/08/2018|7|notebook|29|2018-08-14 15:54:19.0000000
1992||PF - Pontofrio.com|09/08/2018|7|iphone|99|2018-08-14 15:54:19.0000000
1993||PF - Pontofrio.com|09/08/2018|7|celular|57|2018-08-14 15:54:19.0000000
1994||PF - Pontofrio.com|09/08/2018|7|guarda roupas de casal|15|2018-08-14 15:54:19.0000000
1995||PF - Pontofrio.com|09/08/2018|7|iphone 8|64|2018-08-14 15:54:19.0000000
1996||PF - Pontofrio.com|09/08/2018|7|iphone 7|30|2018-08-14 15:54:19.0000000
1997||PF - Pontofrio.com|09/08/2018|7|microondas|30|2018-08-14 15:54:19.0000000
1998||PF - Pontofrio.com|09/08/2018|7|geladeira|12|2018-08-14 15:54:19.0000000
1999||PF - Pontofrio.com|09/08/2018|7|j7 pro|12|2018-08-14 15:54:19.0000000
2000||PF - Pontofrio.com|09/08/2018|7|moto g6|30|2018-08-14 15:54:19.0000000
2001||PF - Pontofrio.com|09/08/2018|8|notebook|49|2018-08-14 15:54:19.0000000
2002||PF - Pontofrio.com|09/08/2018|8|iphone|156|2018-08-14 15:54:19.0000000
2003||PF - Pontofrio.com|09/08/2018|8|celular|77|2018-08-14 15:54:19.0000000
2004||PF - Pontofrio.com|09/08/2018|8|guarda roupas de casal|64|2018-08-14 15:54:19.0000000
2005||PF - Pontofrio.com|09/08/2018|8|iphone 8|72|2018-08-14 15:54:19.0000000
2006||PF - Pontofrio.com|09/08/2018|8|iphone 7|83|2018-08-14 15:54:19.0000000
2007||PF - Pontofrio.com|09/08/2018|8|microondas|38|2018-08-14 15:54:19.0000000
2008||PF - Pontofrio.com|09/08/2018|8|geladeira|114|2018-08-14 15:54:19.0000000
2009||PF - Pontofrio.com|09/08/2018|8|j7 pro|48|2018-08-14 15:54:19.0000000
2010||PF - Pontofrio.com|09/08/2018|8|moto g6|45|2018-08-14 15:54:19.0000000
2011||PF - Pontofrio.com|09/08/2018|9|notebook|46|2018-08-14 15:54:19.0000000
2012||PF - Pontofrio.com|09/08/2018|9|iphone|104|2018-08-14 15:54:19.0000000
2013||PF - Pontofrio.com|09/08/2018|9|celular|150|2018-08-14 15:54:19.0000000
2014||PF - Pontofrio.com|09/08/2018|9|guarda roupas de casal|144|2018-08-14 15:54:19.0000000
2015||PF - Pontofrio.com|09/08/2018|9|iphone 8|87|2018-08-14 15:54:19.0000000
2016||PF - Pontofrio.com|09/08/2018|9|iphone 7|87|2018-08-14 15:54:19.0000000
2017||PF - Pontofrio.com|09/08/2018|9|microondas|71|2018-08-14 15:54:19.0000000
2018||PF - Pontofrio.com|09/08/2018|9|geladeira|79|2018-08-14 15:54:19.0000000
2019||PF - Pontofrio.com|09/08/2018|9|j7 pro|62|2018-08-14 15:54:19.0000000
2020||PF - Pontofrio.com|09/08/2018|9|moto g6|49|2018-08-14 15:54:19.0000000
2021||PF - Pontofrio.com|09/08/2018|10|notebook|374|2018-08-14 15:54:19.0000000
2022||PF - Pontofrio.com|09/08/2018|10|iphone|160|2018-08-14 15:54:19.0000000
2023||PF - Pontofrio.com|09/08/2018|10|celular|121|2018-08-14 15:54:19.0000000
2024||PF - Pontofrio.com|09/08/2018|10|guarda roupas de casal|182|2018-08-14 15:54:19.0000000
2025||PF - Pontofrio.com|09/08/2018|10|iphone 8|124|2018-08-14 15:54:19.0000000
2026||PF - Pontofrio.com|09/08/2018|10|iphone 7|133|2018-08-14 15:54:19.0000000
2027||PF - Pontofrio.com|09/08/2018|10|microondas|171|2018-08-14 15:54:19.0000000
2028||PF - Pontofrio.com|09/08/2018|10|geladeira|135|2018-08-14 15:54:19.0000000
2029||PF - Pontofrio.com|09/08/2018|10|j7 pro|98|2018-08-14 15:54:19.0000000
2030||PF - Pontofrio.com|09/08/2018|10|moto g6|71|2018-08-14 15:54:19.0000000
2031||PF - Pontofrio.com|09/08/2018|11|notebook|239|2018-08-14 15:54:19.0000000
2032||PF - Pontofrio.com|09/08/2018|11|iphone|164|2018-08-14 15:54:19.0000000
2033||PF - Pontofrio.com|09/08/2018|11|celular|263|2018-08-14 15:54:19.0000000
2034||PF - Pontofrio.com|09/08/2018|11|guarda roupas de casal|220|2018-08-14 15:54:19.0000000
2035||PF - Pontofrio.com|09/08/2018|11|iphone 8|161|2018-08-14 15:54:19.0000000
2036||PF - Pontofrio.com|09/08/2018|11|iphone 7|196|2018-08-14 15:54:19.0000000
2037||PF - Pontofrio.com|09/08/2018|11|microondas|194|2018-08-14 15:54:19.0000000
2038||PF - Pontofrio.com|09/08/2018|11|geladeira|173|2018-08-14 15:54:19.0000000
2039||PF - Pontofrio.com|09/08/2018|11|j7 pro|95|2018-08-14 15:54:19.0000000
2040||PF - Pontofrio.com|09/08/2018|11|moto g6|71|2018-08-14 15:54:19.0000000
2041||PF - Pontofrio.com|09/08/2018|12|notebook|226|2018-08-14 15:54:19.0000000
2042||PF - Pontofrio.com|09/08/2018|12|iphone|100|2018-08-14 15:54:19.0000000
2043||PF - Pontofrio.com|09/08/2018|12|celular|166|2018-08-14 15:54:19.0000000
2044||PF - Pontofrio.com|09/08/2018|12|guarda roupas de casal|93|2018-08-14 15:54:19.0000000
2045||PF - Pontofrio.com|09/08/2018|12|iphone 8|107|2018-08-14 15:54:19.0000000
2046||PF - Pontofrio.com|09/08/2018|12|iphone 7|132|2018-08-14 15:54:19.0000000
2047||PF - Pontofrio.com|09/08/2018|12|microondas|103|2018-08-14 15:54:19.0000000
2048||PF - Pontofrio.com|09/08/2018|12|geladeira|123|2018-08-14 15:54:19.0000000
2049||PF - Pontofrio.com|09/08/2018|12|j7 pro|71|2018-08-14 15:54:19.0000000
2050||PF - Pontofrio.com|09/08/2018|12|moto g6|105|2018-08-14 15:54:19.0000000
2051||PF - Pontofrio.com|09/08/2018|13|notebook|128|2018-08-14 15:54:19.0000000
2052||PF - Pontofrio.com|09/08/2018|13|iphone|155|2018-08-14 15:54:19.0000000
2053||PF - Pontofrio.com|09/08/2018|13|celular|124|2018-08-14 15:54:19.0000000
2054||PF - Pontofrio.com|09/08/2018|13|guarda roupas de casal|110|2018-08-14 15:54:19.0000000
2055||PF - Pontofrio.com|09/08/2018|13|iphone 8|175|2018-08-14 15:54:19.0000000
2056||PF - Pontofrio.com|09/08/2018|13|iphone 7|104|2018-08-14 15:54:19.0000000
2057||PF - Pontofrio.com|09/08/2018|13|microondas|117|2018-08-14 15:54:19.0000000
2058||PF - Pontofrio.com|09/08/2018|13|geladeira|86|2018-08-14 15:54:19.0000000
2059||PF - Pontofrio.com|09/08/2018|13|j7 pro|121|2018-08-14 15:54:19.0000000
2060||PF - Pontofrio.com|09/08/2018|13|moto g6|100|2018-08-14 15:54:19.0000000
2061||PF - Pontofrio.com|09/08/2018|14|notebook|164|2018-08-14 15:54:19.0000000
2062||PF - Pontofrio.com|09/08/2018|14|iphone|88|2018-08-14 15:54:19.0000000
2063||PF - Pontofrio.com|09/08/2018|14|celular|55|2018-08-14 15:54:19.0000000
2064||PF - Pontofrio.com|09/08/2018|14|guarda roupas de casal|112|2018-08-14 15:54:19.0000000
2065||PF - Pontofrio.com|09/08/2018|14|iphone 8|162|2018-08-14 15:54:19.0000000
2066||PF - Pontofrio.com|09/08/2018|14|iphone 7|177|2018-08-14 15:54:19.0000000
2067||PF - Pontofrio.com|09/08/2018|14|microondas|160|2018-08-14 15:54:19.0000000
2068||PF - Pontofrio.com|09/08/2018|14|geladeira|109|2018-08-14 15:54:19.0000000
2069||PF - Pontofrio.com|09/08/2018|14|j7 pro|118|2018-08-14 15:54:19.0000000
2070||PF - Pontofrio.com|09/08/2018|14|moto g6|101|2018-08-14 15:54:19.0000000
2071||PF - Pontofrio.com|09/08/2018|15|notebook|160|2018-08-14 15:54:19.0000000
2072||PF - Pontofrio.com|09/08/2018|15|iphone|117|2018-08-14 15:54:19.0000000
2073||PF - Pontofrio.com|09/08/2018|15|celular|112|2018-08-14 15:54:19.0000000
2074||PF - Pontofrio.com|09/08/2018|15|guarda roupas de casal|127|2018-08-14 15:54:19.0000000
2075||PF - Pontofrio.com|09/08/2018|15|iphone 8|132|2018-08-14 15:54:19.0000000
2076||PF - Pontofrio.com|09/08/2018|15|iphone 7|163|2018-08-14 15:54:19.0000000
2077||PF - Pontofrio.com|09/08/2018|15|microondas|157|2018-08-14 15:54:19.0000000
2078||PF - Pontofrio.com|09/08/2018|15|geladeira|99|2018-08-14 15:54:19.0000000
2079||PF - Pontofrio.com|09/08/2018|15|j7 pro|105|2018-08-14 15:54:19.0000000
2080||PF - Pontofrio.com|09/08/2018|15|moto g6|70|2018-08-14 15:54:19.0000000
2081||PF - Pontofrio.com|09/08/2018|16|notebook|173|2018-08-14 15:54:19.0000000
2082||PF - Pontofrio.com|09/08/2018|16|iphone|141|2018-08-14 15:54:19.0000000
2083||PF - Pontofrio.com|09/08/2018|16|celular|154|2018-08-14 15:54:19.0000000
2084||PF - Pontofrio.com|09/08/2018|16|guarda roupas de casal|143|2018-08-14 15:54:19.0000000
2085||PF - Pontofrio.com|09/08/2018|16|iphone 8|135|2018-08-14 15:54:19.0000000
2086||PF - Pontofrio.com|09/08/2018|16|iphone 7|153|2018-08-14 15:54:19.0000000
2087||PF - Pontofrio.com|09/08/2018|16|microondas|247|2018-08-14 15:54:19.0000000
2088||PF - Pontofrio.com|09/08/2018|16|geladeira|140|2018-08-14 15:54:19.0000000
2089||PF - Pontofrio.com|09/08/2018|16|j7 pro|96|2018-08-14 15:54:19.0000000
2090||PF - Pontofrio.com|09/08/2018|16|moto g6|63|2018-08-14 15:54:19.0000000
2091||PF - Pontofrio.com|09/08/2018|17|notebook|92|2018-08-14 15:54:19.0000000
2092||PF - Pontofrio.com|09/08/2018|17|iphone|129|2018-08-14 15:54:19.0000000
2093||PF - Pontofrio.com|09/08/2018|17|celular|133|2018-08-14 15:54:19.0000000
2094||PF - Pontofrio.com|09/08/2018|17|guarda roupas de casal|80|2018-08-14 15:54:19.0000000
2095||PF - Pontofrio.com|09/08/2018|17|iphone 8|83|2018-08-14 15:54:19.0000000
2096||PF - Pontofrio.com|09/08/2018|17|iphone 7|101|2018-08-14 15:54:19.0000000
2097||PF - Pontofrio.com|09/08/2018|17|microondas|118|2018-08-14 15:54:19.0000000
2098||PF - Pontofrio.com|09/08/2018|17|geladeira|92|2018-08-14 15:54:19.0000000
2099||PF - Pontofrio.com|09/08/2018|17|j7 pro|101|2018-08-14 15:54:19.0000000
2100||PF - Pontofrio.com|09/08/2018|17|moto g6|103|2018-08-14 15:54:19.0000000
2101||PF - Pontofrio.com|09/08/2018|18|notebook|150|2018-08-14 15:54:19.0000000
2102||PF - Pontofrio.com|09/08/2018|18|iphone|75|2018-08-14 15:54:19.0000000
2103||PF - Pontofrio.com|09/08/2018|18|celular|93|2018-08-14 15:54:19.0000000
2104||PF - Pontofrio.com|09/08/2018|18|guarda roupas de casal|112|2018-08-14 15:54:19.0000000
2105||PF - Pontofrio.com|09/08/2018|18|iphone 8|62|2018-08-14 15:54:19.0000000
2106||PF - Pontofrio.com|09/08/2018|18|iphone 7|81|2018-08-14 15:54:19.0000000
2107||PF - Pontofrio.com|09/08/2018|18|microondas|57|2018-08-14 15:54:19.0000000
2108||PF - Pontofrio.com|09/08/2018|18|geladeira|123|2018-08-14 15:54:19.0000000
2109||PF - Pontofrio.com|09/08/2018|18|j7 pro|76|2018-08-14 15:54:19.0000000
2110||PF - Pontofrio.com|09/08/2018|18|moto g6|86|2018-08-14 15:54:19.0000000
2111||PF - Pontofrio.com|09/08/2018|19|notebook|117|2018-08-14 15:54:19.0000000
2112||PF - Pontofrio.com|09/08/2018|19|iphone|95|2018-08-14 15:54:19.0000000
2113||PF - Pontofrio.com|09/08/2018|19|celular|66|2018-08-14 15:54:19.0000000
2114||PF - Pontofrio.com|09/08/2018|19|guarda roupas de casal|25|2018-08-14 15:54:19.0000000
2115||PF - Pontofrio.com|09/08/2018|19|iphone 8|110|2018-08-14 15:54:19.0000000
2116||PF - Pontofrio.com|09/08/2018|19|iphone 7|96|2018-08-14 15:54:19.0000000
2117||PF - Pontofrio.com|09/08/2018|19|microondas|90|2018-08-14 15:54:19.0000000
2118||PF - Pontofrio.com|09/08/2018|19|geladeira|109|2018-08-14 15:54:19.0000000
2119||PF - Pontofrio.com|09/08/2018|19|j7 pro|64|2018-08-14 15:54:19.0000000
2120||PF - Pontofrio.com|09/08/2018|19|moto g6|56|2018-08-14 15:54:19.0000000
2121||PF - Pontofrio.com|09/08/2018|20|notebook|126|2018-08-14 15:54:19.0000000
2122||PF - Pontofrio.com|09/08/2018|20|iphone|124|2018-08-14 15:54:19.0000000
2123||PF - Pontofrio.com|09/08/2018|20|celular|176|2018-08-14 15:54:19.0000000
2124||PF - Pontofrio.com|09/08/2018|20|guarda roupas de casal|150|2018-08-14 15:54:19.0000000
2125||PF - Pontofrio.com|09/08/2018|20|iphone 8|90|2018-08-14 15:54:19.0000000
2126||PF - Pontofrio.com|09/08/2018|20|iphone 7|120|2018-08-14 15:54:19.0000000
2127||PF - Pontofrio.com|09/08/2018|20|microondas|72|2018-08-14 15:54:19.0000000
2128||PF - Pontofrio.com|09/08/2018|20|geladeira|110|2018-08-14 15:54:19.0000000
2129||PF - Pontofrio.com|09/08/2018|20|j7 pro|65|2018-08-14 15:54:19.0000000
2130||PF - Pontofrio.com|09/08/2018|20|moto g6|99|2018-08-14 15:54:19.0000000
2131||PF - Pontofrio.com|09/08/2018|21|notebook|129|2018-08-14 15:54:19.0000000
2132||PF - Pontofrio.com|09/08/2018|21|iphone|70|2018-08-14 15:54:19.0000000
2133||PF - Pontofrio.com|09/08/2018|21|celular|97|2018-08-14 15:54:19.0000000
2134||PF - Pontofrio.com|09/08/2018|21|guarda roupas de casal|145|2018-08-14 15:54:19.0000000
2135||PF - Pontofrio.com|09/08/2018|21|iphone 8|113|2018-08-14 15:54:19.0000000
2136||PF - Pontofrio.com|09/08/2018|21|iphone 7|85|2018-08-14 15:54:19.0000000
2137||PF - Pontofrio.com|09/08/2018|21|microondas|100|2018-08-14 15:54:19.0000000
2138||PF - Pontofrio.com|09/08/2018|21|geladeira|90|2018-08-14 15:54:19.0000000
2139||PF - Pontofrio.com|09/08/2018|21|j7 pro|76|2018-08-14 15:54:19.0000000
2140||PF - Pontofrio.com|09/08/2018|21|moto g6|62|2018-08-14 15:54:19.0000000
2141||PF - Pontofrio.com|09/08/2018|22|notebook|56|2018-08-14 15:54:19.0000000
2142||PF - Pontofrio.com|09/08/2018|22|iphone|73|2018-08-14 15:54:19.0000000
2143||PF - Pontofrio.com|09/08/2018|22|celular|69|2018-08-14 15:54:19.0000000
2144||PF - Pontofrio.com|09/08/2018|22|guarda roupas de casal|86|2018-08-14 15:54:19.0000000
2145||PF - Pontofrio.com|09/08/2018|22|iphone 8|66|2018-08-14 15:54:19.0000000
2146||PF - Pontofrio.com|09/08/2018|22|iphone 7|66|2018-08-14 15:54:19.0000000
2147||PF - Pontofrio.com|09/08/2018|22|microondas|66|2018-08-14 15:54:19.0000000
2148||PF - Pontofrio.com|09/08/2018|22|geladeira|66|2018-08-14 15:54:19.0000000
2149||PF - Pontofrio.com|09/08/2018|22|j7 pro|66|2018-08-14 15:54:19.0000000
2150||PF - Pontofrio.com|09/08/2018|22|moto g6|82|2018-08-14 15:54:19.0000000
2151||PF - Pontofrio.com|09/08/2018|23|notebook|35|2018-08-14 15:54:19.0000000
2152||PF - Pontofrio.com|09/08/2018|23|iphone|40|2018-08-14 15:54:19.0000000
2153||PF - Pontofrio.com|09/08/2018|23|celular|23|2018-08-14 15:54:19.0000000
2154||PF - Pontofrio.com|09/08/2018|23|guarda roupas de casal|17|2018-08-14 15:54:19.0000000
2155||PF - Pontofrio.com|09/08/2018|23|iphone 8|82|2018-08-14 15:54:19.0000000
2156||PF - Pontofrio.com|09/08/2018|23|iphone 7|51|2018-08-14 15:54:19.0000000
2157||PF - Pontofrio.com|09/08/2018|23|microondas|18|2018-08-14 15:54:19.0000000
2158||PF - Pontofrio.com|09/08/2018|23|geladeira|35|2018-08-14 15:54:19.0000000
2159||PF - Pontofrio.com|09/08/2018|23|j7 pro|43|2018-08-14 15:54:19.0000000
2160||PF - Pontofrio.com|09/08/2018|23|moto g6|49|2018-08-14 15:54:19.0000000
2161||CM - Casas Bahia Mobile|09/08/2018|0|guarda roupa|273|2018-08-14 15:54:25.0000000
2162||CM - Casas Bahia Mobile|09/08/2018|0|smart tv|224|2018-08-14 15:54:25.0000000
2163||CM - Casas Bahia Mobile|09/08/2018|0|celular|127|2018-08-14 15:54:25.0000000
2164||CM - Casas Bahia Mobile|09/08/2018|0|cama box casal|188|2018-08-14 15:54:25.0000000
2165||CM - Casas Bahia Mobile|09/08/2018|0|geladeira|163|2018-08-14 15:54:25.0000000
2166||CM - Casas Bahia Mobile|09/08/2018|0|microondas|216|2018-08-14 15:54:25.0000000
2167||CM - Casas Bahia Mobile|09/08/2018|0|geladeira frost free|106|2018-08-14 15:54:25.0000000
2168||CM - Casas Bahia Mobile|09/08/2018|0|painel para tv|121|2018-08-14 15:54:25.0000000
2169||CM - Casas Bahia Mobile|09/08/2018|0|iphone|143|2018-08-14 15:54:25.0000000
2170||CM - Casas Bahia Mobile|09/08/2018|0|notebook|112|2018-08-14 15:54:25.0000000
2171||CM - Casas Bahia Mobile|09/08/2018|1|guarda roupa|295|2018-08-14 15:54:25.0000000
2172||CM - Casas Bahia Mobile|09/08/2018|1|smart tv|122|2018-08-14 15:54:25.0000000
2173||CM - Casas Bahia Mobile|09/08/2018|1|celular|43|2018-08-14 15:54:25.0000000
2174||CM - Casas Bahia Mobile|09/08/2018|1|cama box casal|101|2018-08-14 15:54:25.0000000
2175||CM - Casas Bahia Mobile|09/08/2018|1|geladeira|101|2018-08-14 15:54:25.0000000
2176||CM - Casas Bahia Mobile|09/08/2018|1|microondas|57|2018-08-14 15:54:25.0000000
2177||CM - Casas Bahia Mobile|09/08/2018|1|geladeira frost free|60|2018-08-14 15:54:25.0000000
2178||CM - Casas Bahia Mobile|09/08/2018|1|painel para tv|88|2018-08-14 15:54:25.0000000
2179||CM - Casas Bahia Mobile|09/08/2018|1|iphone|68|2018-08-14 15:54:25.0000000
2180||CM - Casas Bahia Mobile|09/08/2018|1|notebook|50|2018-08-14 15:54:25.0000000
2181||CM - Casas Bahia Mobile|09/08/2018|2|guarda roupa|121|2018-08-14 15:54:25.0000000
2182||CM - Casas Bahia Mobile|09/08/2018|2|smart tv|68|2018-08-14 15:54:25.0000000
2183||CM - Casas Bahia Mobile|09/08/2018|2|celular|36|2018-08-14 15:54:25.0000000
2184||CM - Casas Bahia Mobile|09/08/2018|2|cama box casal|65|2018-08-14 15:54:25.0000000
2185||CM - Casas Bahia Mobile|09/08/2018|2|geladeira|20|2018-08-14 15:54:25.0000000
2186||CM - Casas Bahia Mobile|09/08/2018|2|microondas|38|2018-08-14 15:54:25.0000000
2187||CM - Casas Bahia Mobile|09/08/2018|2|geladeira frost free|27|2018-08-14 15:54:25.0000000
2188||CM - Casas Bahia Mobile|09/08/2018|2|painel para tv|24|2018-08-14 15:54:25.0000000
2189||CM - Casas Bahia Mobile|09/08/2018|2|iphone|95|2018-08-14 15:54:25.0000000
2190||CM - Casas Bahia Mobile|09/08/2018|2|notebook|53|2018-08-14 15:54:25.0000000
2191||CM - Casas Bahia Mobile|09/08/2018|3|guarda roupa|43|2018-08-14 15:54:25.0000000
2192||CM - Casas Bahia Mobile|09/08/2018|3|smart tv|21|2018-08-14 15:54:25.0000000
2193||CM - Casas Bahia Mobile|09/08/2018|3|celular|12|2018-08-14 15:54:25.0000000
2194||CM - Casas Bahia Mobile|09/08/2018|3|cama box casal|17|2018-08-14 15:54:25.0000000
2195||CM - Casas Bahia Mobile|09/08/2018|3|geladeira|33|2018-08-14 15:54:25.0000000
2196||CM - Casas Bahia Mobile|09/08/2018|3|microondas|14|2018-08-14 15:54:25.0000000
2197||CM - Casas Bahia Mobile|09/08/2018|3|geladeira frost free|21|2018-08-14 15:54:25.0000000
2198||CM - Casas Bahia Mobile|09/08/2018|3|painel para tv|29|2018-08-14 15:54:25.0000000
2199||CM - Casas Bahia Mobile|09/08/2018|3|iphone|45|2018-08-14 15:54:25.0000000
2200||CM - Casas Bahia Mobile|09/08/2018|3|notebook|16|2018-08-14 15:54:25.0000000
2201||CM - Casas Bahia Mobile|09/08/2018|4|guarda roupa|20|2018-08-14 15:54:25.0000000
2202||CM - Casas Bahia Mobile|09/08/2018|4|smart tv|21|2018-08-14 15:54:25.0000000
2203||CM - Casas Bahia Mobile|09/08/2018|4|celular|10|2018-08-14 15:54:25.0000000
2204||CM - Casas Bahia Mobile|09/08/2018|4|cama box casal|25|2018-08-14 15:54:25.0000000
2205||CM - Casas Bahia Mobile|09/08/2018|4|geladeira|8|2018-08-14 15:54:25.0000000
2206||CM - Casas Bahia Mobile|09/08/2018|4|microondas|37|2018-08-14 15:54:25.0000000
2207||CM - Casas Bahia Mobile|09/08/2018|4|geladeira frost free|13|2018-08-14 15:54:25.0000000
2208||CM - Casas Bahia Mobile|09/08/2018|4|painel para tv|11|2018-08-14 15:54:25.0000000
2209||CM - Casas Bahia Mobile|09/08/2018|4|iphone|34|2018-08-14 15:54:25.0000000
2210||CM - Casas Bahia Mobile|09/08/2018|4|notebook|12|2018-08-14 15:54:25.0000000
2211||CM - Casas Bahia Mobile|09/08/2018|5|guarda roupa|69|2018-08-14 15:54:25.0000000
2212||CM - Casas Bahia Mobile|09/08/2018|5|smart tv|50|2018-08-14 15:54:25.0000000
2213||CM - Casas Bahia Mobile|09/08/2018|5|celular|17|2018-08-14 15:54:25.0000000
2214||CM - Casas Bahia Mobile|09/08/2018|5|cama box casal|41|2018-08-14 15:54:25.0000000
2215||CM - Casas Bahia Mobile|09/08/2018|5|geladeira|31|2018-08-14 15:54:25.0000000
2216||CM - Casas Bahia Mobile|09/08/2018|5|microondas|16|2018-08-14 15:54:25.0000000
2217||CM - Casas Bahia Mobile|09/08/2018|5|geladeira frost free|47|2018-08-14 15:54:25.0000000
2218||CM - Casas Bahia Mobile|09/08/2018|5|painel para tv|45|2018-08-14 15:54:25.0000000
2219||CM - Casas Bahia Mobile|09/08/2018|5|iphone|20|2018-08-14 15:54:25.0000000
2220||CM - Casas Bahia Mobile|09/08/2018|5|notebook|16|2018-08-14 15:54:25.0000000
2221||CM - Casas Bahia Mobile|09/08/2018|6|guarda roupa|92|2018-08-14 15:54:25.0000000
2222||CM - Casas Bahia Mobile|09/08/2018|6|smart tv|117|2018-08-14 15:54:25.0000000
2223||CM - Casas Bahia Mobile|09/08/2018|6|celular|84|2018-08-14 15:54:25.0000000
2224||CM - Casas Bahia Mobile|09/08/2018|6|cama box casal|60|2018-08-14 15:54:25.0000000
2225||CM - Casas Bahia Mobile|09/08/2018|6|geladeira|24|2018-08-14 15:54:25.0000000
2226||CM - Casas Bahia Mobile|09/08/2018|6|microondas|99|2018-08-14 15:54:25.0000000
2227||CM - Casas Bahia Mobile|09/08/2018|6|geladeira frost free|49|2018-08-14 15:54:25.0000000
2228||CM - Casas Bahia Mobile|09/08/2018|6|painel para tv|52|2018-08-14 15:54:25.0000000
2229||CM - Casas Bahia Mobile|09/08/2018|6|iphone|61|2018-08-14 15:54:25.0000000
2230||CM - Casas Bahia Mobile|09/08/2018|6|notebook|54|2018-08-14 15:54:25.0000000
2231||CM - Casas Bahia Mobile|09/08/2018|7|guarda roupa|211|2018-08-14 15:54:25.0000000
2232||CM - Casas Bahia Mobile|09/08/2018|7|smart tv|146|2018-08-14 15:54:25.0000000
2233||CM - Casas Bahia Mobile|09/08/2018|7|celular|87|2018-08-14 15:54:25.0000000
2234||CM - Casas Bahia Mobile|09/08/2018|7|cama box casal|100|2018-08-14 15:54:25.0000000
2235||CM - Casas Bahia Mobile|09/08/2018|7|geladeira|106|2018-08-14 15:54:25.0000000
2236||CM - Casas Bahia Mobile|09/08/2018|7|microondas|88|2018-08-14 15:54:25.0000000
2237||CM - Casas Bahia Mobile|09/08/2018|7|geladeira frost free|124|2018-08-14 15:54:25.0000000
2238||CM - Casas Bahia Mobile|09/08/2018|7|painel para tv|119|2018-08-14 15:54:25.0000000
2239||CM - Casas Bahia Mobile|09/08/2018|7|iphone|85|2018-08-14 15:54:25.0000000
2240||CM - Casas Bahia Mobile|09/08/2018|7|notebook|70|2018-08-14 15:54:25.0000000
2241||CM - Casas Bahia Mobile|09/08/2018|8|guarda roupa|347|2018-08-14 15:54:25.0000000
2242||CM - Casas Bahia Mobile|09/08/2018|8|smart tv|192|2018-08-14 15:54:25.0000000
2243||CM - Casas Bahia Mobile|09/08/2018|8|celular|172|2018-08-14 15:54:25.0000000
2244||CM - Casas Bahia Mobile|09/08/2018|8|cama box casal|94|2018-08-14 15:54:25.0000000
2245||CM - Casas Bahia Mobile|09/08/2018|8|geladeira|147|2018-08-14 15:54:25.0000000
2246||CM - Casas Bahia Mobile|09/08/2018|8|microondas|109|2018-08-14 15:54:25.0000000
2247||CM - Casas Bahia Mobile|09/08/2018|8|geladeira frost free|112|2018-08-14 15:54:25.0000000
2248||CM - Casas Bahia Mobile|09/08/2018|8|painel para tv|124|2018-08-14 15:54:25.0000000
2249||CM - Casas Bahia Mobile|09/08/2018|8|iphone|147|2018-08-14 15:54:25.0000000
2250||CM - Casas Bahia Mobile|09/08/2018|8|notebook|104|2018-08-14 15:54:25.0000000
2251||CM - Casas Bahia Mobile|09/08/2018|9|guarda roupa|424|2018-08-14 15:54:25.0000000
2252||CM - Casas Bahia Mobile|09/08/2018|9|smart tv|211|2018-08-14 15:54:25.0000000
2253||CM - Casas Bahia Mobile|09/08/2018|9|celular|233|2018-08-14 15:54:25.0000000
2254||CM - Casas Bahia Mobile|09/08/2018|9|cama box casal|121|2018-08-14 15:54:25.0000000
2255||CM - Casas Bahia Mobile|09/08/2018|9|geladeira|201|2018-08-14 15:54:25.0000000
2256||CM - Casas Bahia Mobile|09/08/2018|9|microondas|163|2018-08-14 15:54:25.0000000
2257||CM - Casas Bahia Mobile|09/08/2018|9|geladeira frost free|210|2018-08-14 15:54:25.0000000
2258||CM - Casas Bahia Mobile|09/08/2018|9|painel para tv|152|2018-08-14 15:54:25.0000000
2259||CM - Casas Bahia Mobile|09/08/2018|9|iphone|170|2018-08-14 15:54:25.0000000
2260||CM - Casas Bahia Mobile|09/08/2018|9|notebook|115|2018-08-14 15:54:25.0000000
2261||CM - Casas Bahia Mobile|09/08/2018|10|guarda roupa|413|2018-08-14 15:54:25.0000000
2262||CM - Casas Bahia Mobile|09/08/2018|10|smart tv|280|2018-08-14 15:54:25.0000000
2263||CM - Casas Bahia Mobile|09/08/2018|10|celular|240|2018-08-14 15:54:25.0000000
2264||CM - Casas Bahia Mobile|09/08/2018|10|cama box casal|178|2018-08-14 15:54:25.0000000
2265||CM - Casas Bahia Mobile|09/08/2018|10|geladeira|157|2018-08-14 15:54:25.0000000
2266||CM - Casas Bahia Mobile|09/08/2018|10|microondas|219|2018-08-14 15:54:25.0000000
2267||CM - Casas Bahia Mobile|09/08/2018|10|geladeira frost free|195|2018-08-14 15:54:25.0000000
2268||CM - Casas Bahia Mobile|09/08/2018|10|painel para tv|225|2018-08-14 15:54:25.0000000
2269||CM - Casas Bahia Mobile|09/08/2018|10|iphone|232|2018-08-14 15:54:25.0000000
2270||CM - Casas Bahia Mobile|09/08/2018|10|notebook|215|2018-08-14 15:54:25.0000000
2271||CM - Casas Bahia Mobile|09/08/2018|11|guarda roupa|491|2018-08-14 15:54:25.0000000
2272||CM - Casas Bahia Mobile|09/08/2018|11|smart tv|300|2018-08-14 15:54:25.0000000
2273||CM - Casas Bahia Mobile|09/08/2018|11|celular|277|2018-08-14 15:54:25.0000000
2274||CM - Casas Bahia Mobile|09/08/2018|11|cama box casal|191|2018-08-14 15:54:25.0000000
2275||CM - Casas Bahia Mobile|09/08/2018|11|geladeira|184|2018-08-14 15:54:25.0000000
2276||CM - Casas Bahia Mobile|09/08/2018|11|microondas|249|2018-08-14 15:54:25.0000000
2277||CM - Casas Bahia Mobile|09/08/2018|11|geladeira frost free|166|2018-08-14 15:54:25.0000000
2278||CM - Casas Bahia Mobile|09/08/2018|11|painel para tv|207|2018-08-14 15:54:25.0000000
2279||CM - Casas Bahia Mobile|09/08/2018|11|iphone|197|2018-08-14 15:54:25.0000000
2280||CM - Casas Bahia Mobile|09/08/2018|11|notebook|272|2018-08-14 15:54:25.0000000
2281||CM - Casas Bahia Mobile|09/08/2018|12|guarda roupa|603|2018-08-14 15:54:25.0000000
2282||CM - Casas Bahia Mobile|09/08/2018|12|smart tv|234|2018-08-14 15:54:25.0000000
2283||CM - Casas Bahia Mobile|09/08/2018|12|celular|271|2018-08-14 15:54:25.0000000
2284||CM - Casas Bahia Mobile|09/08/2018|12|cama box casal|231|2018-08-14 15:54:25.0000000
2285||CM - Casas Bahia Mobile|09/08/2018|12|geladeira|232|2018-08-14 15:54:25.0000000
2286||CM - Casas Bahia Mobile|09/08/2018|12|microondas|201|2018-08-14 15:54:25.0000000
2287||CM - Casas Bahia Mobile|09/08/2018|12|geladeira frost free|187|2018-08-14 15:54:25.0000000
2288||CM - Casas Bahia Mobile|09/08/2018|12|painel para tv|255|2018-08-14 15:54:25.0000000
2289||CM - Casas Bahia Mobile|09/08/2018|12|iphone|204|2018-08-14 15:54:25.0000000
2290||CM - Casas Bahia Mobile|09/08/2018|12|notebook|291|2018-08-14 15:54:25.0000000
2291||CM - Casas Bahia Mobile|09/08/2018|13|guarda roupa|590|2018-08-14 15:54:25.0000000
2292||CM - Casas Bahia Mobile|09/08/2018|13|smart tv|326|2018-08-14 15:54:25.0000000
2293||CM - Casas Bahia Mobile|09/08/2018|13|celular|265|2018-08-14 15:54:25.0000000
2294||CM - Casas Bahia Mobile|09/08/2018|13|cama box casal|173|2018-08-14 15:54:25.0000000
2295||CM - Casas Bahia Mobile|09/08/2018|13|geladeira|220|2018-08-14 15:54:25.0000000
2296||CM - Casas Bahia Mobile|09/08/2018|13|microondas|272|2018-08-14 15:54:25.0000000
2297||CM - Casas Bahia Mobile|09/08/2018|13|geladeira frost free|168|2018-08-14 15:54:25.0000000
2298||CM - Casas Bahia Mobile|09/08/2018|13|painel para tv|225|2018-08-14 15:54:25.0000000
2299||CM - Casas Bahia Mobile|09/08/2018|13|iphone|235|2018-08-14 15:54:25.0000000
2300||CM - Casas Bahia Mobile|09/08/2018|13|notebook|165|2018-08-14 15:54:25.0000000
2301||CM - Casas Bahia Mobile|09/08/2018|14|guarda roupa|537|2018-08-14 15:54:25.0000000
2302||CM - Casas Bahia Mobile|09/08/2018|14|smart tv|279|2018-08-14 15:54:25.0000000
2303||CM - Casas Bahia Mobile|09/08/2018|14|celular|178|2018-08-14 15:54:25.0000000
2304||CM - Casas Bahia Mobile|09/08/2018|14|cama box casal|180|2018-08-14 15:54:25.0000000
2305||CM - Casas Bahia Mobile|09/08/2018|14|geladeira|217|2018-08-14 15:54:25.0000000
2306||CM - Casas Bahia Mobile|09/08/2018|14|microondas|183|2018-08-14 15:54:25.0000000
2307||CM - Casas Bahia Mobile|09/08/2018|14|geladeira frost free|182|2018-08-14 15:54:25.0000000
2308||CM - Casas Bahia Mobile|09/08/2018|14|painel para tv|136|2018-08-14 15:54:25.0000000
2309||CM - Casas Bahia Mobile|09/08/2018|14|iphone|210|2018-08-14 15:54:25.0000000
2310||CM - Casas Bahia Mobile|09/08/2018|14|notebook|175|2018-08-14 15:54:25.0000000
2311||CM - Casas Bahia Mobile|09/08/2018|15|guarda roupa|617|2018-08-14 15:54:25.0000000
2312||CM - Casas Bahia Mobile|09/08/2018|15|smart tv|254|2018-08-14 15:54:25.0000000
2313||CM - Casas Bahia Mobile|09/08/2018|15|celular|208|2018-08-14 15:54:25.0000000
2314||CM - Casas Bahia Mobile|09/08/2018|15|cama box casal|251|2018-08-14 15:54:25.0000000
2315||CM - Casas Bahia Mobile|09/08/2018|15|geladeira|195|2018-08-14 15:54:25.0000000
2316||CM - Casas Bahia Mobile|09/08/2018|15|microondas|203|2018-08-14 15:54:25.0000000
2317||CM - Casas Bahia Mobile|09/08/2018|15|geladeira frost free|165|2018-08-14 15:54:25.0000000
2318||CM - Casas Bahia Mobile|09/08/2018|15|painel para tv|159|2018-08-14 15:54:25.0000000
2319||CM - Casas Bahia Mobile|09/08/2018|15|iphone|171|2018-08-14 15:54:25.0000000
2320||CM - Casas Bahia Mobile|09/08/2018|15|notebook|250|2018-08-14 15:54:25.0000000
2321||CM - Casas Bahia Mobile|09/08/2018|16|guarda roupa|498|2018-08-14 15:54:25.0000000
2322||CM - Casas Bahia Mobile|09/08/2018|16|smart tv|282|2018-08-14 15:54:25.0000000
2323||CM - Casas Bahia Mobile|09/08/2018|16|celular|260|2018-08-14 15:54:25.0000000
2324||CM - Casas Bahia Mobile|09/08/2018|16|cama box casal|257|2018-08-14 15:54:25.0000000
2325||CM - Casas Bahia Mobile|09/08/2018|16|geladeira|353|2018-08-14 15:54:25.0000000
2326||CM - Casas Bahia Mobile|09/08/2018|16|microondas|211|2018-08-14 15:54:25.0000000
2327||CM - Casas Bahia Mobile|09/08/2018|16|geladeira frost free|177|2018-08-14 15:54:25.0000000
2328||CM - Casas Bahia Mobile|09/08/2018|16|painel para tv|187|2018-08-14 15:54:25.0000000
2329||CM - Casas Bahia Mobile|09/08/2018|16|iphone|202|2018-08-14 15:54:25.0000000
2330||CM - Casas Bahia Mobile|09/08/2018|16|notebook|239|2018-08-14 15:54:25.0000000
2331||CM - Casas Bahia Mobile|09/08/2018|17|guarda roupa|456|2018-08-14 15:54:25.0000000
2332||CM - Casas Bahia Mobile|09/08/2018|17|smart tv|322|2018-08-14 15:54:25.0000000
2333||CM - Casas Bahia Mobile|09/08/2018|17|celular|202|2018-08-14 15:54:25.0000000
2334||CM - Casas Bahia Mobile|09/08/2018|17|cama box casal|248|2018-08-14 15:54:25.0000000
2335||CM - Casas Bahia Mobile|09/08/2018|17|geladeira|195|2018-08-14 15:54:25.0000000
2336||CM - Casas Bahia Mobile|09/08/2018|17|microondas|275|2018-08-14 15:54:25.0000000
2337||CM - Casas Bahia Mobile|09/08/2018|17|geladeira frost free|229|2018-08-14 15:54:25.0000000
2338||CM - Casas Bahia Mobile|09/08/2018|17|painel para tv|234|2018-08-14 15:54:25.0000000
2339||CM - Casas Bahia Mobile|09/08/2018|17|iphone|195|2018-08-14 15:54:25.0000000
2340||CM - Casas Bahia Mobile|09/08/2018|17|notebook|172|2018-08-14 15:54:25.0000000
2341||CM - Casas Bahia Mobile|09/08/2018|18|guarda roupa|571|2018-08-14 15:54:25.0000000
2342||CM - Casas Bahia Mobile|09/08/2018|18|smart tv|413|2018-08-14 15:54:25.0000000
2343||CM - Casas Bahia Mobile|09/08/2018|18|celular|341|2018-08-14 15:54:25.0000000
2344||CM - Casas Bahia Mobile|09/08/2018|18|cama box casal|338|2018-08-14 15:54:25.0000000
2345||CM - Casas Bahia Mobile|09/08/2018|18|geladeira|278|2018-08-14 15:54:25.0000000
2346||CM - Casas Bahia Mobile|09/08/2018|18|microondas|322|2018-08-14 15:54:25.0000000
2347||CM - Casas Bahia Mobile|09/08/2018|18|geladeira frost free|322|2018-08-14 15:54:25.0000000
2348||CM - Casas Bahia Mobile|09/08/2018|18|painel para tv|296|2018-08-14 15:54:25.0000000
2349||CM - Casas Bahia Mobile|09/08/2018|18|iphone|309|2018-08-14 15:54:25.0000000
2350||CM - Casas Bahia Mobile|09/08/2018|18|notebook|232|2018-08-14 15:54:25.0000000
2351||CM - Casas Bahia Mobile|09/08/2018|19|guarda roupa|931|2018-08-14 15:54:25.0000000
2352||CM - Casas Bahia Mobile|09/08/2018|19|smart tv|446|2018-08-14 15:54:25.0000000
2353||CM - Casas Bahia Mobile|09/08/2018|19|celular|396|2018-08-14 15:54:25.0000000
2354||CM - Casas Bahia Mobile|09/08/2018|19|cama box casal|361|2018-08-14 15:54:25.0000000
2355||CM - Casas Bahia Mobile|09/08/2018|19|geladeira|353|2018-08-14 15:54:25.0000000
2356||CM - Casas Bahia Mobile|09/08/2018|19|microondas|311|2018-08-14 15:54:25.0000000
2357||CM - Casas Bahia Mobile|09/08/2018|19|geladeira frost free|338|2018-08-14 15:54:25.0000000
2358||CM - Casas Bahia Mobile|09/08/2018|19|painel para tv|327|2018-08-14 15:54:25.0000000
2359||CM - Casas Bahia Mobile|09/08/2018|19|iphone|275|2018-08-14 15:54:25.0000000
2360||CM - Casas Bahia Mobile|09/08/2018|19|notebook|290|2018-08-14 15:54:25.0000000
2361||CM - Casas Bahia Mobile|09/08/2018|20|guarda roupa|853|2018-08-14 15:54:25.0000000
2362||CM - Casas Bahia Mobile|09/08/2018|20|smart tv|506|2018-08-14 15:54:25.0000000
2363||CM - Casas Bahia Mobile|09/08/2018|20|celular|440|2018-08-14 15:54:25.0000000
2364||CM - Casas Bahia Mobile|09/08/2018|20|cama box casal|526|2018-08-14 15:54:25.0000000
2365||CM - Casas Bahia Mobile|09/08/2018|20|geladeira|418|2018-08-14 15:54:25.0000000
2366||CM - Casas Bahia Mobile|09/08/2018|20|microondas|356|2018-08-14 15:54:25.0000000
2367||CM - Casas Bahia Mobile|09/08/2018|20|geladeira frost free|405|2018-08-14 15:54:25.0000000
2368||CM - Casas Bahia Mobile|09/08/2018|20|painel para tv|340|2018-08-14 15:54:25.0000000
2369||CM - Casas Bahia Mobile|09/08/2018|20|iphone|350|2018-08-14 15:54:25.0000000
2370||CM - Casas Bahia Mobile|09/08/2018|20|notebook|338|2018-08-14 15:54:25.0000000
2371||CM - Casas Bahia Mobile|09/08/2018|21|guarda roupa|987|2018-08-14 15:54:25.0000000
2372||CM - Casas Bahia Mobile|09/08/2018|21|smart tv|701|2018-08-14 15:54:25.0000000
2373||CM - Casas Bahia Mobile|09/08/2018|21|celular|530|2018-08-14 15:54:25.0000000
2374||CM - Casas Bahia Mobile|09/08/2018|21|cama box casal|598|2018-08-14 15:54:25.0000000
2375||CM - Casas Bahia Mobile|09/08/2018|21|geladeira|446|2018-08-14 15:54:25.0000000
2376||CM - Casas Bahia Mobile|09/08/2018|21|microondas|407|2018-08-14 15:54:25.0000000
2377||CM - Casas Bahia Mobile|09/08/2018|21|geladeira frost free|567|2018-08-14 15:54:25.0000000
2378||CM - Casas Bahia Mobile|09/08/2018|21|painel para tv|445|2018-08-14 15:54:25.0000000
2379||CM - Casas Bahia Mobile|09/08/2018|21|iphone|361|2018-08-14 15:54:25.0000000
2380||CM - Casas Bahia Mobile|09/08/2018|21|notebook|268|2018-08-14 15:54:25.0000000
2381||CM - Casas Bahia Mobile|09/08/2018|22|guarda roupa|683|2018-08-14 15:54:25.0000000
2382||CM - Casas Bahia Mobile|09/08/2018|22|smart tv|520|2018-08-14 15:54:25.0000000
2383||CM - Casas Bahia Mobile|09/08/2018|22|celular|382|2018-08-14 15:54:25.0000000
2384||CM - Casas Bahia Mobile|09/08/2018|22|cama box casal|346|2018-08-14 15:54:25.0000000
2385||CM - Casas Bahia Mobile|09/08/2018|22|geladeira|373|2018-08-14 15:54:25.0000000
2386||CM - Casas Bahia Mobile|09/08/2018|22|microondas|303|2018-08-14 15:54:25.0000000
2387||CM - Casas Bahia Mobile|09/08/2018|22|geladeira frost free|465|2018-08-14 15:54:25.0000000
2388||CM - Casas Bahia Mobile|09/08/2018|22|painel para tv|343|2018-08-14 15:54:25.0000000
2389||CM - Casas Bahia Mobile|09/08/2018|22|iphone|321|2018-08-14 15:54:25.0000000
2390||CM - Casas Bahia Mobile|09/08/2018|22|notebook|328|2018-08-14 15:54:25.0000000
2391||CM - Casas Bahia Mobile|09/08/2018|23|guarda roupa|623|2018-08-14 15:54:25.0000000
2392||CM - Casas Bahia Mobile|09/08/2018|23|smart tv|320|2018-08-14 15:54:25.0000000
2393||CM - Casas Bahia Mobile|09/08/2018|23|celular|249|2018-08-14 15:54:25.0000000
2394||CM - Casas Bahia Mobile|09/08/2018|23|cama box casal|355|2018-08-14 15:54:25.0000000
2395||CM - Casas Bahia Mobile|09/08/2018|23|geladeira|271|2018-08-14 15:54:25.0000000
2396||CM - Casas Bahia Mobile|09/08/2018|23|microondas|216|2018-08-14 15:54:25.0000000
2397||CM - Casas Bahia Mobile|09/08/2018|23|geladeira frost free|203|2018-08-14 15:54:25.0000000
2398||CM - Casas Bahia Mobile|09/08/2018|23|painel para tv|277|2018-08-14 15:54:25.0000000
2399||CM - Casas Bahia Mobile|09/08/2018|23|iphone|272|2018-08-14 15:54:25.0000000
2400||CM - Casas Bahia Mobile|09/08/2018|23|notebook|243|2018-08-14 15:54:25.0000000
2401||EM - Extra Mobile|09/08/2018|0|extra-online|24|2018-08-14 15:54:31.0000000
2402||EM - Extra Mobile|09/08/2018|0|cadastro-clube-extra|53|2018-08-14 15:54:31.0000000
2403||EM - Extra Mobile|09/08/2018|0|smart tv|29|2018-08-14 15:54:31.0000000
2404||EM - Extra Mobile|09/08/2018|0|microondas|58|2018-08-14 15:54:31.0000000
2405||EM - Extra Mobile|09/08/2018|0|notebook|25|2018-08-14 15:54:31.0000000
2406||EM - Extra Mobile|09/08/2018|0|cerveja|26|2018-08-14 15:54:31.0000000
2407||EM - Extra Mobile|09/08/2018|0|pneu aro 14|20|2018-08-14 15:54:31.0000000
2408||EM - Extra Mobile|09/08/2018|0|fritadeira eletrica sem oleo|11|2018-08-14 15:54:31.0000000
2409||EM - Extra Mobile|09/08/2018|0|extra-supermercados|14|2018-08-14 15:54:31.0000000
2410||EM - Extra Mobile|09/08/2018|0|tv|26|2018-08-14 15:54:31.0000000
2411||EM - Extra Mobile|09/08/2018|1|extra-online|19|2018-08-14 15:54:31.0000000
2412||EM - Extra Mobile|09/08/2018|1|cadastro-clube-extra|20|2018-08-14 15:54:31.0000000
2413||EM - Extra Mobile|09/08/2018|1|smart tv|6|2018-08-14 15:54:31.0000000
2414||EM - Extra Mobile|09/08/2018|1|microondas|15|2018-08-14 15:54:31.0000000
2415||EM - Extra Mobile|09/08/2018|1|notebook|14|2018-08-14 15:54:31.0000000
2416||EM - Extra Mobile|09/08/2018|1|cerveja|8|2018-08-14 15:54:31.0000000
2417||EM - Extra Mobile|09/08/2018|1|pneu aro 14|11|2018-08-14 15:54:31.0000000
2418||EM - Extra Mobile|09/08/2018|1|fritadeira eletrica sem oleo|3|2018-08-14 15:54:31.0000000
2419||EM - Extra Mobile|09/08/2018|1|extra-supermercados|9|2018-08-14 15:54:31.0000000
2420||EM - Extra Mobile|09/08/2018|1|tv|13|2018-08-14 15:54:31.0000000
2421||EM - Extra Mobile|09/08/2018|2|extra-online|7|2018-08-14 15:54:31.0000000
2422||EM - Extra Mobile|09/08/2018|2|cadastro-clube-extra|2|2018-08-14 15:54:31.0000000
2423||EM - Extra Mobile|09/08/2018|2|smart tv|7|2018-08-14 15:54:31.0000000
2424||EM - Extra Mobile|09/08/2018|2|microondas|8|2018-08-14 15:54:31.0000000
2425||EM - Extra Mobile|09/08/2018|2|notebook|11|2018-08-14 15:54:31.0000000
2426||EM - Extra Mobile|09/08/2018|2|cerveja|6|2018-08-14 15:54:31.0000000
2427||EM - Extra Mobile|09/08/2018|2|pneu aro 14|20|2018-08-14 15:54:31.0000000
2428||EM - Extra Mobile|09/08/2018|2|fritadeira eletrica sem oleo|5|2018-08-14 15:54:31.0000000
2429||EM - Extra Mobile|09/08/2018|2|extra-supermercados|4|2018-08-14 15:54:31.0000000
2430||EM - Extra Mobile|09/08/2018|2|tv|1|2018-08-14 15:54:31.0000000
2431||EM - Extra Mobile|09/08/2018|3|extra-online|7|2018-08-14 15:54:31.0000000
2432||EM - Extra Mobile|09/08/2018|3|cadastro-clube-extra|6|2018-08-14 15:54:31.0000000
2433||EM - Extra Mobile|09/08/2018|3|smart tv|1|2018-08-14 15:54:31.0000000
2434||EM - Extra Mobile|09/08/2018|3|microondas|0|2018-08-14 15:54:31.0000000
2435||EM - Extra Mobile|09/08/2018|3|notebook|12|2018-08-14 15:54:31.0000000
2436||EM - Extra Mobile|09/08/2018|3|cerveja|6|2018-08-14 15:54:31.0000000
2437||EM - Extra Mobile|09/08/2018|3|pneu aro 14|8|2018-08-14 15:54:31.0000000
2438||EM - Extra Mobile|09/08/2018|3|fritadeira eletrica sem oleo|7|2018-08-14 15:54:31.0000000
2439||EM - Extra Mobile|09/08/2018|3|extra-supermercados|3|2018-08-14 15:54:31.0000000
2440||EM - Extra Mobile|09/08/2018|3|tv|0|2018-08-14 15:54:31.0000000
